{"type":"FeatureCollection","metadata":{"name":"Районы Москвы для поиска объектов","creator":"Yandex Map Constructor"},"features":[{"type":"Feature","id":0,"geometry":{"type":"Polygon","coordinates":[[[37.42765,55.74821],[37.42847,55.74772],[37.42929,55.74756],[37.43157,55.74569],[37.43112,55.74528],[37.43215,55.7447],[37.43309,55.74271],[37.43575,55.74155],[37.43727,55.74079],[37.4397,55.73968],[37.43999,55.73923],[37.43988,55.73851],[37.43797,55.73717],[37.43895,55.73689],[37.44492,55.73483],[37.44725,55.73508],[37.44879,55.73489],[37.45422,55.73588],[37.46044,55.73722],[37.46069,55.73755],[37.47843,55.74256],[37.48016,55.74305],[37.48154,55.74155],[37.48342,55.73948],[37.48434,55.73847],[37.48635,55.73625],[37.48929,55.73301],[37.48967,55.73308],[37.49645,55.73414],[37.49854,55.7346],[37.50579,55.73683],[37.50611,55.73699],[37.50755,55.73775],[37.5084,55.73819],[37.50993,55.73959],[37.51065,55.74038],[37.51215,55.74201],[37.51367,55.74361],[37.51413,55.74396],[37.51487,55.74445],[37.51565,55.74492],[37.51661,55.74537],[37.51753,55.74572],[37.51896,55.74619],[37.52149,55.7469],[37.52252,55.74721],[37.52205,55.74758],[37.52036,55.74985],[37.52023,55.75002],[37.5185,55.75258],[37.51814,55.75321],[37.51767,55.75464],[37.5163,55.75683],[37.51454,55.75809],[37.51393,55.75842],[37.51166,55.75966],[37.50583,55.76178],[37.50428,55.76253],[37.50295,55.7634],[37.50106,55.76437],[37.49815,55.7655],[37.49752,55.76569],[37.49609,55.76611],[37.49205,55.76736],[37.48972,55.76796],[37.48718,55.76819],[37.48451,55.76817],[37.48192,55.76798],[37.48004,55.76771],[37.47942,55.76755],[37.47887,55.76734],[37.47842,55.76705],[37.47806,55.76669],[37.47709,55.76553],[37.47639,55.76451],[37.47617,55.76299],[37.47617,55.76171],[37.47677,55.75691],[37.47673,55.75596],[37.47652,55.75459],[37.47617,55.75229],[37.47579,55.75123],[37.47514,55.74988],[37.47416,55.7485],[37.47278,55.74727],[37.47102,55.74611],[37.46738,55.74403],[37.4648,55.7429],[37.4618,55.74186],[37.45914,55.74121],[37.45532,55.7406],[37.45253,55.7406],[37.44927,55.74113],[37.44652,55.74186],[37.44446,55.74261],[37.44248,55.74357],[37.43974,55.74522],[37.43738,55.74642],[37.43669,55.7471],[37.43635,55.74787],[37.43661,55.74872],[37.43698,55.74925],[37.43513,55.74964],[37.43296,55.75012],[37.43265,55.75019],[37.43224,55.75014],[37.43206,55.75012],[37.4318,55.75008],[37.43162,55.75005],[37.43058,55.74976],[37.42958,55.74939],[37.42849,55.74875],[37.42765,55.74821]]]},"properties":{"description":"Филёвский Парк","fill":"#ed4543","fill-opacity":0.6,"stroke":"#ed4543","stroke-width":"5","stroke-opacity":0.9}},{"type":"Feature","id":1,"geometry":{"type":"Polygon","coordinates":[[[37.4461,55.79449],[37.44901,55.79446],[37.45465,55.79442],[37.45468,55.7932],[37.45466,55.79266],[37.45466,55.79244],[37.45458,55.79181],[37.45487,55.79178],[37.45532,55.79173],[37.45741,55.79152],[37.45789,55.79147],[37.45866,55.79139],[37.4594,55.79131],[37.45999,55.79124],[37.4612,55.7911],[37.46288,55.79087],[37.46319,55.79083],[37.46526,55.79054],[37.46637,55.79022],[37.46653,55.79016],[37.46782,55.78977],[37.46872,55.78948],[37.46889,55.78946],[37.46927,55.78942],[37.47038,55.78927],[37.47134,55.78914],[37.4716,55.7891],[37.47257,55.78899],[37.47526,55.78866],[37.47583,55.7886],[37.476,55.78859],[37.47615,55.78857],[37.47624,55.78856],[37.47653,55.78854],[37.47687,55.78851],[37.47732,55.78847],[37.47777,55.7885],[37.47801,55.78854],[37.47818,55.7886],[37.47864,55.78887],[37.4788,55.78895],[37.47899,55.78894],[37.481,55.78868],[37.4821,55.78855],[37.48456,55.78825],[37.48478,55.78822],[37.48494,55.7882],[37.48525,55.78817],[37.48544,55.78814],[37.48571,55.7881],[37.48687,55.78796],[37.48773,55.78785],[37.48886,55.78771],[37.48956,55.78765],[37.48987,55.78766],[37.49018,55.78767],[37.49108,55.78779],[37.49141,55.78783],[37.4917,55.78787],[37.49272,55.78801],[37.49285,55.78803],[37.49382,55.78816],[37.49488,55.7883],[37.49587,55.78843],[37.49679,55.78855],[37.49694,55.78857],[37.49791,55.7887],[37.49809,55.78872],[37.49821,55.78874],[37.49853,55.78878],[37.49907,55.78885],[37.50065,55.78927],[37.50127,55.78966],[37.50198,55.79011],[37.50264,55.79058],[37.50315,55.79104],[37.5035,55.79165],[37.50389,55.79112],[37.50325,55.79386],[37.50258,55.79498],[37.5006,55.79735],[37.49956,55.79859],[37.49848,55.79982],[37.49614,55.80247],[37.49317,55.80596],[37.49099,55.8085],[37.48941,55.81031],[37.48858,55.81127],[37.4879,55.8121],[37.48766,55.81244],[37.48736,55.81299],[37.48722,55.81328],[37.4871,55.81367],[37.48703,55.81395],[37.48687,55.81501],[37.48684,55.81535],[37.48508,55.81542],[37.48417,55.81544],[37.48253,55.81544],[37.48123,55.81536],[37.47979,55.81511],[37.47859,55.81484],[37.47718,55.81443],[37.47642,55.81417],[37.475,55.81367],[37.47459,55.81348],[37.47244,55.81277],[37.47057,55.81217],[37.46932,55.81183],[37.46901,55.81176],[37.46887,55.81173],[37.46787,55.8116],[37.46757,55.81157],[37.46693,55.81153],[37.45748,55.81107],[37.45721,55.81107],[37.45591,55.81111],[37.45549,55.81115],[37.45532,55.81118],[37.45375,55.81145],[37.45233,55.81188],[37.45137,55.81232],[37.44997,55.81333],[37.44915,55.81398],[37.44901,55.81408],[37.44813,55.81296],[37.44769,55.8123],[37.4465,55.81008],[37.44614,55.80799],[37.44643,55.80655],[37.44733,55.80455],[37.44763,55.80262],[37.44695,55.80016],[37.44656,55.79806],[37.44618,55.79531],[37.4461,55.79449]]]},"properties":{"description":"Щукино","fill":"#ed4543","fill-opacity":0.6,"stroke":"#ed4543","stroke-width":"5","stroke-opacity":0.9}},{"type":"Feature","id":2,"geometry":{"type":"Polygon","coordinates":[[[37.65342,55.65539],[37.65349,55.65509],[37.6536,55.6548],[37.65374,55.65448],[37.65394,55.65413],[37.65421,55.65379],[37.65459,55.65342],[37.65498,55.65309],[37.65532,55.65283],[37.65561,55.65266],[37.65603,55.65243],[37.65683,55.65199],[37.65736,55.65171],[37.65849,55.65112],[37.65907,55.65076],[37.65921,55.65071],[37.66059,55.65017],[37.66095,55.65044],[37.66111,55.65057],[37.66448,55.65337],[37.6699,55.65625],[37.6716,55.65636],[37.67238,55.66198],[37.67324,55.66511],[37.67504,55.66765],[37.67813,55.66905],[37.68242,55.67062],[37.6874,55.67116],[37.69075,55.67324],[37.6927,55.67378],[37.69735,55.67506],[37.70034,55.67589],[37.70476,55.67736],[37.70724,55.6788],[37.70793,55.6791],[37.71195,55.68132],[37.71238,55.68466],[37.71212,55.68846],[37.70757,55.69327],[37.69478,55.69535],[37.68851,55.69658],[37.68465,55.69737],[37.67901,55.69819],[37.67449,55.69851],[37.67293,55.69968],[37.67095,55.7005],[37.66729,55.70074],[37.66585,55.69033],[37.66524,55.68613],[37.66511,55.68519],[37.66459,55.68174],[37.66449,55.68069],[37.66425,55.67966],[37.6622,55.67042],[37.66187,55.66935],[37.6614,55.6684],[37.65431,55.6597],[37.65426,55.65929],[37.65414,55.65896],[37.6539,55.658],[37.65379,55.65752],[37.65343,55.65601],[37.65342,55.65539]]]},"properties":{"description":"Нагатинский Затон","fill":"#ed4543","fill-opacity":0.6,"stroke":"#ed4543","stroke-width":"5","stroke-opacity":0.9}},{"type":"Feature","id":3,"geometry":{"type":"Polygon","coordinates":[[[37.49625,55.89248],[37.49757,55.89129],[37.49839,55.89084],[37.50142,55.88937],[37.50201,55.889],[37.5026,55.88863],[37.50309,55.88829],[37.50378,55.8878],[37.50448,55.88732],[37.50522,55.88681],[37.50575,55.88645],[37.50614,55.88618],[37.50626,55.88626],[37.50655,55.88645],[37.50726,55.88694],[37.50743,55.88705],[37.50819,55.88753],[37.50894,55.88796],[37.5101,55.88855],[37.51166,55.88932],[37.51368,55.88734],[37.51434,55.88669],[37.51452,55.88652],[37.51478,55.88626],[37.51504,55.88601],[37.51567,55.88539],[37.51608,55.88498],[37.51618,55.88489],[37.51624,55.88483],[37.51728,55.8838],[37.51743,55.88366],[37.51753,55.88357],[37.51809,55.88301],[37.51821,55.8829],[37.51892,55.8822],[37.52041,55.88076],[37.52112,55.88007],[37.52122,55.87997],[37.52129,55.8799],[37.52285,55.8784],[37.52288,55.87836],[37.52357,55.87771],[37.52449,55.8768],[37.52461,55.8767],[37.52543,55.8759],[37.52618,55.87515],[37.52634,55.87502],[37.52655,55.87487],[37.52681,55.8747],[37.5275,55.87425],[37.52941,55.873],[37.52966,55.87283],[37.52982,55.87291],[37.53064,55.87333],[37.53078,55.87317],[37.53086,55.87309],[37.53118,55.87315],[37.53112,55.87325],[37.53124,55.87327],[37.53145,55.87332],[37.5319,55.87341],[37.53095,55.87449],[37.5326,55.87486],[37.53326,55.875],[37.53326,55.87508],[37.53416,55.87528],[37.5339,55.87575],[37.5338,55.87598],[37.53375,55.87612],[37.53395,55.87615],[37.53485,55.87631],[37.53494,55.87632],[37.53637,55.87657],[37.53815,55.87688],[37.53854,55.87694],[37.53902,55.87703],[37.53927,55.87707],[37.54005,55.8772],[37.54137,55.87743],[37.54218,55.87757],[37.54352,55.8778],[37.54359,55.87782],[37.54504,55.87807],[37.54546,55.87814],[37.54591,55.87822],[37.54625,55.87831],[37.54392,55.8822],[37.54368,55.88278],[37.5433,55.88415],[37.54318,55.8849],[37.54308,55.88591],[37.54304,55.88724],[37.54339,55.88724],[37.54773,55.88734],[37.54791,55.88733],[37.54807,55.8873],[37.54823,55.88728],[37.5507,55.8873],[37.55072,55.88764],[37.55096,55.89062],[37.55034,55.89063],[37.55031,55.89172],[37.55066,55.89184],[37.55119,55.89184],[37.55154,55.8928],[37.55157,55.8929],[37.55144,55.89319],[37.55146,55.89691],[37.5517,55.89738],[37.55198,55.89777],[37.54412,55.90067],[37.54289,55.90114],[37.54237,55.90137],[37.54166,55.90173],[37.54117,55.90203],[37.54058,55.90243],[37.53994,55.90288],[37.53923,55.9035],[37.53869,55.904],[37.53828,55.90447],[37.53806,55.90476],[37.53786,55.90506],[37.53761,55.90548],[37.53686,55.90706],[37.53719,55.90759],[37.53382,55.90717],[37.5319,55.90683],[37.52947,55.90633],[37.52794,55.90601],[37.52703,55.9058],[37.526,55.90549],[37.52445,55.90492],[37.52285,55.90423],[37.51994,55.90297],[37.51765,55.90199],[37.50722,55.8973],[37.50694,55.89718],[37.50282,55.89537],[37.49851,55.89347],[37.49625,55.89248]]]},"properties":{"description":"Дмитровский","fill":"#ed4543","fill-opacity":0.6,"stroke":"#ed4543","stroke-width":"5","stroke-opacity":0.9}},{"type":"Feature","id":4,"geometry":{"type":"Polygon","coordinates":[[[37.51166,55.67973],[37.51213,55.67944],[37.51427,55.67828],[37.51882,55.67611],[37.5237,55.67385],[37.524,55.67372],[37.52414,55.67367],[37.52429,55.6736],[37.52457,55.67348],[37.52474,55.6734],[37.52575,55.67294],[37.52629,55.67268],[37.52645,55.67261],[37.5279,55.67195],[37.5284,55.67171],[37.52863,55.67161],[37.52911,55.67139],[37.52965,55.67104],[37.52976,55.67094],[37.52985,55.67086],[37.52995,55.67077],[37.52995,55.67076],[37.53038,55.67015],[37.53091,55.66932],[37.5312,55.66896],[37.53167,55.66862],[37.53186,55.66854],[37.53189,55.66852],[37.53226,55.66838],[37.53264,55.66828],[37.53297,55.66823],[37.5336,55.66819],[37.53419,55.6682],[37.53468,55.66822],[37.53545,55.66825],[37.53718,55.66832],[37.53775,55.66835],[37.53848,55.66838],[37.53913,55.66841],[37.53988,55.66845],[37.54045,55.66852],[37.54094,55.66858],[37.54133,55.66877],[37.54148,55.6693],[37.54144,55.66996],[37.54149,55.67022],[37.54172,55.67083],[37.54221,55.67156],[37.54285,55.67224],[37.5437,55.67301],[37.54459,55.67369],[37.54469,55.67365],[37.5448,55.67362],[37.54592,55.67327],[37.54607,55.67323],[37.54617,55.67333],[37.54632,55.67353],[37.54738,55.6745],[37.5479,55.67498],[37.54829,55.67534],[37.54842,55.67546],[37.54972,55.67668],[37.5505,55.6774],[37.55082,55.67769],[37.55141,55.67826],[37.55148,55.67832],[37.55177,55.67859],[37.55221,55.679],[37.55269,55.67943],[37.5531,55.6798],[37.55348,55.68016],[37.55531,55.68182],[37.55538,55.68189],[37.55556,55.68213],[37.5548,55.68254],[37.55226,55.68403],[37.55221,55.68399],[37.55201,55.68385],[37.55189,55.68376],[37.55068,55.68297],[37.54996,55.68248],[37.54988,55.68242],[37.54961,55.68223],[37.54897,55.68181],[37.54837,55.68141],[37.54763,55.68092],[37.54749,55.68083],[37.54727,55.68094],[37.54466,55.68218],[37.54309,55.68291],[37.54309,55.68291],[37.54127,55.68376],[37.54065,55.68405],[37.54031,55.6842],[37.54009,55.68432],[37.53988,55.68443],[37.53964,55.68456],[37.53957,55.6846],[37.53878,55.68504],[37.53771,55.68564],[37.53743,55.6858],[37.53571,55.68675],[37.53548,55.68688],[37.53531,55.68698],[37.53336,55.68807],[37.53316,55.68818],[37.53306,55.68824],[37.53195,55.68886],[37.53192,55.68887],[37.53161,55.68905],[37.53042,55.68971],[37.53033,55.68976],[37.53013,55.68989],[37.53005,55.68993],[37.51166,55.67973]]]},"properties":{"description":"Ломоносовский ","fill":"#ed4543","fill-opacity":0.6,"stroke":"#ed4543","stroke-width":"5","stroke-opacity":0.9}},{"type":"Feature","id":5,"geometry":{"type":"Polygon","coordinates":[[[37.46446,55.84712],[37.46538,55.84623],[37.46671,55.84563],[37.46807,55.84468],[37.46885,55.84354],[37.46989,55.84318],[37.47035,55.84273],[37.47152,55.8424],[37.47227,55.84177],[37.47251,55.84098],[37.47259,55.84035],[37.47423,55.8407],[37.47693,55.84108],[37.47987,55.84134],[37.48138,55.83933],[37.48184,55.83934],[37.48209,55.83934],[37.48325,55.83934],[37.48455,55.83936],[37.48704,55.83937],[37.48741,55.83937],[37.48776,55.83937],[37.4878,55.83937],[37.48827,55.83937],[37.49218,55.83935],[37.49398,55.83934],[37.50491,55.83717],[37.50516,55.83718],[37.50914,55.8375],[37.51096,55.83764],[37.5142,55.83788],[37.51474,55.83792],[37.51495,55.83803],[37.51724,55.84049],[37.51751,55.84078],[37.5178,55.84096],[37.51805,55.8411],[37.51889,55.84133],[37.51899,55.84136],[37.51909,55.84137],[37.51918,55.84138],[37.51927,55.84138],[37.51935,55.84138],[37.51949,55.84137],[37.51989,55.84133],[37.52024,55.84129],[37.52057,55.84125],[37.52065,55.84124],[37.52073,55.84123],[37.5208,55.84123],[37.52086,55.84124],[37.52093,55.84126],[37.52194,55.84161],[37.52231,55.84175],[37.52308,55.84104],[37.52707,55.84214],[37.53884,55.84458],[37.5417,55.84505],[37.54244,55.8452],[37.54349,55.84544],[37.54394,55.84554],[37.54518,55.8458],[37.54707,55.84618],[37.54995,55.84677],[37.55055,55.84689],[37.55101,55.84701],[37.55148,55.84714],[37.55196,55.84728],[37.55251,55.84745],[37.55319,55.84768],[37.55442,55.84809],[37.55518,55.84836],[37.54704,55.85352],[37.51437,55.86761],[37.51317,55.86655],[37.51017,55.86437],[37.50913,55.86408],[37.5082,55.86374],[37.50696,55.86308],[37.50587,55.86257],[37.50542,55.86239],[37.50546,55.86234],[37.5055,55.8623],[37.50552,55.86225],[37.5055,55.86218],[37.50548,55.86212],[37.50541,55.86205],[37.50531,55.86201],[37.50812,55.85998],[37.50939,55.85905],[37.50999,55.85861],[37.51098,55.8579],[37.51119,55.85774],[37.5104,55.85744],[37.50812,55.85662],[37.50775,55.85649],[37.50413,55.85518],[37.50318,55.85483],[37.50218,55.85447],[37.5,55.85368],[37.49976,55.8536],[37.4995,55.8535],[37.49856,55.85316],[37.49824,55.85305],[37.49685,55.85254],[37.49654,55.85245],[37.49476,55.85178],[37.49392,55.85148],[37.49385,55.85145],[37.49266,55.85101],[37.49125,55.85069],[37.49118,55.85068],[37.49106,55.85066],[37.49097,55.85065],[37.48956,55.85049],[37.48893,55.85044],[37.48887,55.85044],[37.4871,55.85034],[37.48702,55.85034],[37.48685,55.85033],[37.48673,55.85032],[37.48602,55.85029],[37.485,55.85025],[37.48487,55.85026],[37.48361,55.85034],[37.4823,55.85042],[37.47943,55.85045],[37.47919,55.85045],[37.47808,55.85039],[37.478,55.85038],[37.47644,55.8502],[37.47545,55.85005],[37.47523,55.85002],[37.4745,55.84986],[37.47422,55.84981],[37.47386,55.84975],[37.46733,55.84811],[37.46569,55.84756],[37.46446,55.84712]]]},"properties":{"description":"Головинский","fill":"#ed4543","fill-opacity":0.6,"stroke":"#ed4543","stroke-width":"5","stroke-opacity":0.9}},{"type":"Feature","id":6,"geometry":{"type":"Polygon","coordinates":[[[37.53909,55.65574],[37.53927,55.65569],[37.53953,55.65562],[37.53985,55.65552],[37.54051,55.65529],[37.5413,55.65496],[37.54368,55.6538],[37.54531,55.65309],[37.54621,55.65274],[37.54823,55.65208],[37.55124,55.65132],[37.55293,55.65105],[37.55611,55.65064],[37.55886,55.65024],[37.56242,55.64974],[37.56327,55.6496],[37.564,55.64946],[37.56446,55.65009],[37.56512,55.65086],[37.56537,55.65113],[37.56581,55.6516],[37.56617,55.65194],[37.5711,55.65662],[37.57618,55.66129],[37.57877,55.66373],[37.58125,55.66603],[37.58325,55.6679],[37.58446,55.66902],[37.58563,55.6701],[37.58185,55.67141],[37.57998,55.67205],[37.57809,55.67269],[37.57171,55.67488],[37.56942,55.67568],[37.56852,55.676],[37.56381,55.67761],[37.56299,55.67789],[37.56275,55.67802],[37.56198,55.67843],[37.55812,55.68066],[37.55556,55.68213],[37.55538,55.68189],[37.55531,55.68182],[37.55348,55.68016],[37.5531,55.6798],[37.55269,55.67943],[37.55221,55.679],[37.55177,55.67859],[37.55148,55.67832],[37.55141,55.67826],[37.55082,55.67769],[37.5505,55.6774],[37.54972,55.67668],[37.54842,55.67546],[37.54829,55.67534],[37.5479,55.67498],[37.54738,55.6745],[37.54632,55.67353],[37.54617,55.67333],[37.54607,55.67323],[37.54645,55.673],[37.55112,55.67146],[37.55223,55.67144],[37.55264,55.67142],[37.55272,55.67141],[37.55278,55.6714],[37.55285,55.67139],[37.55292,55.67137],[37.55343,55.6712],[37.55367,55.67113],[37.554,55.67102],[37.55484,55.67074],[37.555,55.67069],[37.55516,55.67064],[37.55433,55.66988],[37.55371,55.66931],[37.55025,55.66615],[37.54823,55.66429],[37.54483,55.6611],[37.54148,55.65798],[37.53935,55.656],[37.53909,55.65574]]]},"properties":{"description":"Черёмушки","fill":"#ed4543","fill-opacity":0.6,"stroke":"#ed4543","stroke-width":"5","stroke-opacity":0.9}},{"type":"Feature","id":7,"geometry":{"type":"Polygon","coordinates":[[[37.40309,55.77909],[37.40408,55.77748],[37.40614,55.77641],[37.40815,55.77588],[37.40858,55.77576],[37.41003,55.77566],[37.41219,55.77552],[37.41429,55.77544],[37.41695,55.77533],[37.42103,55.77494],[37.42563,55.77452],[37.42884,55.77428],[37.43075,55.77417],[37.43412,55.7742],[37.43622,55.77441],[37.43936,55.77522],[37.44364,55.77633],[37.44549,55.77688],[37.44735,55.77725],[37.44812,55.77731],[37.44883,55.77728],[37.44968,55.77714],[37.45064,55.77687],[37.45303,55.77569],[37.45527,55.77418],[37.46038,55.76908],[37.46294,55.76695],[37.46399,55.76577],[37.46427,55.76523],[37.46456,55.76431],[37.46466,55.7633],[37.46458,55.76279],[37.46457,55.7627],[37.46452,55.76238],[37.46343,55.76019],[37.46184,55.75884],[37.45961,55.75715],[37.45763,55.75582],[37.45544,55.75478],[37.45308,55.75389],[37.44883,55.7529],[37.44557,55.7521],[37.44218,55.7513],[37.43922,55.75053],[37.43738,55.74969],[37.43698,55.74925],[37.43661,55.74872],[37.43635,55.74787],[37.43669,55.7471],[37.43738,55.74642],[37.43974,55.74522],[37.44248,55.74357],[37.44446,55.74261],[37.44652,55.74186],[37.44927,55.74113],[37.45253,55.7406],[37.45532,55.7406],[37.45914,55.74121],[37.4618,55.74186],[37.4648,55.7429],[37.46738,55.74403],[37.47102,55.74611],[37.47278,55.74727],[37.47416,55.7485],[37.47514,55.74988],[37.47579,55.75123],[37.47617,55.75229],[37.47652,55.75459],[37.47673,55.75596],[37.47677,55.75691],[37.47617,55.76171],[37.47617,55.76299],[37.47639,55.76451],[37.47709,55.76553],[37.47806,55.76669],[37.47842,55.76705],[37.47887,55.76734],[37.47942,55.76755],[37.48004,55.76771],[37.48192,55.76798],[37.48451,55.76817],[37.48718,55.76819],[37.48972,55.76796],[37.49205,55.76736],[37.49609,55.76611],[37.49752,55.76569],[37.49815,55.7655],[37.50106,55.76437],[37.50295,55.7634],[37.50428,55.76253],[37.50583,55.76178],[37.51166,55.75966],[37.51393,55.75842],[37.51567,55.75909],[37.51663,55.75946],[37.51927,55.76047],[37.51993,55.76072],[37.52038,55.7609],[37.52097,55.76112],[37.52117,55.76124],[37.52152,55.76137],[37.52159,55.76139],[37.52166,55.76142],[37.52173,55.76144],[37.5218,55.76146],[37.52187,55.76149],[37.52194,55.76151],[37.52147,55.76202],[37.52123,55.76227],[37.52083,55.76271],[37.52052,55.76304],[37.52014,55.76344],[37.51985,55.76374],[37.51957,55.76402],[37.51874,55.7649],[37.51792,55.76577],[37.5171,55.76662],[37.51633,55.76743],[37.51596,55.76781],[37.51556,55.76823],[37.51524,55.76857],[37.51507,55.76874],[37.51493,55.7689],[37.51479,55.76904],[37.51467,55.76918],[37.51431,55.76956],[37.51401,55.76987],[37.51385,55.77004],[37.51368,55.77022],[37.51334,55.77056],[37.51317,55.77074],[37.5128,55.77112],[37.51252,55.77142],[37.51212,55.77184],[37.51189,55.77209],[37.51171,55.77228],[37.51128,55.77276],[37.51099,55.77307],[37.51055,55.77352],[37.51025,55.77383],[37.51004,55.77404],[37.50969,55.7744],[37.50943,55.77466],[37.5092,55.77488],[37.50864,55.77545],[37.50808,55.77606],[37.50774,55.77643],[37.50744,55.77682],[37.50705,55.77743],[37.50698,55.77757],[37.50685,55.77786],[37.50665,55.77841],[37.50629,55.78032],[37.50576,55.78267],[37.50523,55.78485],[37.50489,55.78663],[37.50439,55.78858],[37.50404,55.79045],[37.50389,55.79112],[37.5035,55.79165],[37.50315,55.79104],[37.50264,55.79058],[37.50198,55.79011],[37.50127,55.78966],[37.50065,55.78927],[37.49907,55.78885],[37.49853,55.78878],[37.49821,55.78874],[37.49809,55.78872],[37.49791,55.7887],[37.49694,55.78857],[37.49679,55.78855],[37.49587,55.78843],[37.49488,55.7883],[37.49382,55.78816],[37.49285,55.78803],[37.49272,55.78801],[37.4917,55.78787],[37.49141,55.78783],[37.49108,55.78779],[37.49018,55.78767],[37.48987,55.78766],[37.48956,55.78765],[37.48886,55.78771],[37.48773,55.78785],[37.48687,55.78796],[37.48571,55.7881],[37.48544,55.78814],[37.48525,55.78817],[37.48494,55.7882],[37.48478,55.78822],[37.48456,55.78825],[37.4821,55.78855],[37.481,55.78868],[37.47899,55.78894],[37.4788,55.78895],[37.47864,55.78887],[37.47818,55.7886],[37.47801,55.78854],[37.47777,55.7885],[37.47732,55.78847],[37.47687,55.78851],[37.47653,55.78854],[37.47624,55.78856],[37.47615,55.78857],[37.476,55.78859],[37.47583,55.7886],[37.47526,55.78866],[37.47257,55.78899],[37.4716,55.7891],[37.47134,55.78914],[37.47038,55.78927],[37.46927,55.78942],[37.46889,55.78946],[37.46872,55.78948],[37.46782,55.78977],[37.46653,55.79016],[37.46637,55.79022],[37.46526,55.79054],[37.46319,55.79083],[37.46288,55.79087],[37.4612,55.7911],[37.45999,55.79124],[37.4594,55.79131],[37.45866,55.79139],[37.45789,55.79147],[37.45741,55.79152],[37.45532,55.79173],[37.45487,55.79178],[37.45458,55.79181],[37.45466,55.79244],[37.45466,55.79266],[37.45468,55.7932],[37.45465,55.79442],[37.44901,55.79446],[37.4461,55.79449],[37.44489,55.79188],[37.44199,55.79017],[37.43965,55.78874],[37.4383,55.78808],[37.43671,55.78765],[37.43382,55.78684],[37.43185,55.78648],[37.42952,55.78619],[37.42633,55.78647],[37.42329,55.78726],[37.42124,55.78868],[37.41987,55.79027],[37.418,55.79154],[37.41541,55.79205],[37.41272,55.79214],[37.41034,55.79143],[37.40929,55.78992],[37.40837,55.788],[37.40789,55.78722],[37.40742,55.78645],[37.40562,55.78421],[37.40408,55.78242],[37.40313,55.78081],[37.40309,55.77909]]]},"properties":{"description":"Хорошёво-Мнёвники","fill":"#ed4543","fill-opacity":0.6,"stroke":"#ed4543","stroke-width":"5","stroke-opacity":0.9}},{"type":"Feature","id":8,"geometry":{"type":"Polygon","coordinates":[[[37.43797,55.73717],[37.44173,55.7353],[37.44233,55.73497],[37.44345,55.73424],[37.4442,55.73358],[37.44478,55.73294],[37.4452,55.73239],[37.44545,55.73194],[37.44568,55.73144],[37.44681,55.72878],[37.44767,55.72677],[37.44915,55.72344],[37.45437,55.7114],[37.4547,55.70996],[37.45538,55.70999],[37.45611,55.71007],[37.45663,55.71005],[37.45708,55.71015],[37.45737,55.71025],[37.45772,55.71032],[37.45805,55.71034],[37.45839,55.71032],[37.45864,55.71031],[37.45896,55.71029],[37.45927,55.71029],[37.45973,55.71041],[37.46008,55.71049],[37.46043,55.71078],[37.46046,55.71097],[37.46079,55.71107],[37.46135,55.71111],[37.46185,55.71117],[37.46223,55.71113],[37.46252,55.71106],[37.46288,55.71086],[37.46341,55.71058],[37.46372,55.7103],[37.46391,55.71025],[37.46409,55.71031],[37.46413,55.71038],[37.4644,55.71042],[37.46471,55.71064],[37.46497,55.71083],[37.46509,55.71087],[37.46538,55.71092],[37.46565,55.71102],[37.4657,55.71116],[37.46565,55.71126],[37.46552,55.71132],[37.46541,55.71148],[37.46551,55.71157],[37.4658,55.71162],[37.46608,55.71149],[37.46623,55.71143],[37.46645,55.71141],[37.46666,55.71132],[37.46702,55.71142],[37.46736,55.71164],[37.46758,55.71181],[37.46776,55.71198],[37.46793,55.71212],[37.46802,55.71224],[37.46803,55.71242],[37.46787,55.71261],[37.46769,55.71272],[37.46752,55.71279],[37.46737,55.71281],[37.46697,55.71281],[37.46669,55.71289],[37.46641,55.71297],[37.46612,55.71296],[37.46577,55.71297],[37.46535,55.7131],[37.46494,55.71323],[37.46484,55.71327],[37.46466,55.71328],[37.46418,55.71331],[37.464,55.71333],[37.46386,55.71339],[37.46376,55.71345],[37.46366,55.71354],[37.46362,55.71373],[37.46369,55.71383],[37.4638,55.71392],[37.46411,55.71411],[37.46435,55.71425],[37.46457,55.71435],[37.46472,55.71449],[37.46495,55.71464],[37.46512,55.71476],[37.46524,55.71484],[37.46533,55.71492],[37.46545,55.715],[37.46561,55.71516],[37.46572,55.71522],[37.46586,55.71527],[37.46599,55.71534],[37.46621,55.71543],[37.46645,55.7155],[37.46664,55.71556],[37.46682,55.71561],[37.46694,55.71561],[37.46705,55.71558],[37.46724,55.71544],[37.46731,55.71536],[37.46758,55.71524],[37.46785,55.71516],[37.46802,55.7151],[37.46815,55.71506],[37.46824,55.71501],[37.46847,55.71488],[37.46858,55.71482],[37.46867,55.71464],[37.4687,55.71455],[37.46866,55.71442],[37.46852,55.71432],[37.46812,55.71418],[37.46796,55.7141],[37.46791,55.71392],[37.46795,55.71376],[37.46802,55.71367],[37.46822,55.71362],[37.46848,55.7136],[37.46903,55.71359],[37.46947,55.71363],[37.46997,55.71369],[37.47009,55.71375],[37.47029,55.71389],[37.47052,55.71392],[37.47064,55.7139],[37.47089,55.7138],[37.47115,55.71372],[37.47131,55.71375],[37.47144,55.71382],[37.47151,55.71391],[37.47155,55.71412],[37.47145,55.71424],[37.4713,55.7143],[37.47107,55.71435],[37.471,55.71445],[37.47073,55.71464],[37.4707,55.71481],[37.47073,55.71492],[37.47083,55.71498],[37.47097,55.71501],[37.47131,55.71508],[37.47148,55.71519],[37.47154,55.71541],[37.47154,55.71548],[37.47149,55.71556],[37.47136,55.71564],[37.47112,55.71569],[37.47096,55.71572],[37.47075,55.71575],[37.47061,55.71578],[37.47059,55.71584],[37.47066,55.71594],[37.4708,55.71601],[37.4713,55.71609],[37.47147,55.71612],[37.47163,55.71619],[37.47191,55.71638],[37.47204,55.71663],[37.47208,55.71699],[37.47198,55.71712],[37.4718,55.71727],[37.47158,55.71739],[37.47121,55.71754],[37.47079,55.71787],[37.47059,55.71797],[37.47034,55.71805],[37.46994,55.71809],[37.46963,55.71809],[37.46945,55.71814],[37.46928,55.71824],[37.46913,55.7185],[37.46911,55.71867],[37.46911,55.71883],[37.4692,55.719],[37.46943,55.7192],[37.46964,55.71931],[37.46974,55.71934],[37.46984,55.71936],[37.4702,55.7194],[37.47035,55.7194],[37.47051,55.71938],[37.4706,55.71932],[37.47075,55.71916],[37.47091,55.71901],[37.47127,55.71873],[37.47145,55.71865],[37.47183,55.71846],[37.47202,55.71842],[37.4722,55.71842],[37.47247,55.71856],[37.47272,55.71875],[37.47286,55.7188],[37.47291,55.71903],[37.47285,55.71931],[37.47285,55.7195],[37.47295,55.71966],[37.47309,55.71979],[37.47324,55.71992],[37.4734,55.72001],[37.4738,55.72016],[37.47416,55.72037],[37.47447,55.72055],[37.4749,55.72076],[37.47537,55.72096],[37.47578,55.72114],[37.47632,55.72136],[37.47661,55.72147],[37.47676,55.72153],[37.47688,55.72154],[37.47694,55.72153],[37.477,55.72148],[37.4773,55.72138],[37.47764,55.7213],[37.47807,55.72121],[37.47881,55.7211],[37.47936,55.72117],[37.47955,55.72117],[37.47984,55.72114],[37.48021,55.72106],[37.48053,55.72103],[37.48093,55.72105],[37.48138,55.72107],[37.48192,55.72112],[37.48238,55.72116],[37.4828,55.72114],[37.48339,55.72107],[37.48374,55.72097],[37.4843,55.72084],[37.48489,55.72065],[37.48537,55.72043],[37.48574,55.72025],[37.48601,55.72007],[37.48636,55.71985],[37.48656,55.71966],[37.48663,55.71947],[37.48657,55.7193],[37.48667,55.719],[37.48655,55.71889],[37.48574,55.71856],[37.48472,55.71815],[37.48442,55.71803],[37.48436,55.71792],[37.48446,55.7178],[37.48475,55.7176],[37.48529,55.71745],[37.48578,55.71741],[37.486,55.71744],[37.48672,55.7178],[37.48752,55.71809],[37.48788,55.71814],[37.4881,55.71825],[37.48868,55.71836],[37.48905,55.71842],[37.48922,55.71841],[37.48947,55.7183],[37.48968,55.71828],[37.49036,55.71849],[37.49066,55.71849],[37.4914,55.71833],[37.49198,55.71814],[37.49219,55.71808],[37.49251,55.7181],[37.49274,55.71821],[37.49301,55.71861],[37.49311,55.71893],[37.49304,55.71909],[37.49279,55.71926],[37.49254,55.71943],[37.4924,55.71969],[37.49263,55.72011],[37.493,55.72021],[37.49368,55.72017],[37.494,55.72018],[37.49428,55.72019],[37.49492,55.72012],[37.49573,55.72099],[37.49602,55.72128],[37.49649,55.72169],[37.49711,55.72213],[37.49774,55.7225],[37.49857,55.72285],[37.49577,55.72592],[37.49433,55.72749],[37.48929,55.73301],[37.48635,55.73625],[37.48434,55.73847],[37.48342,55.73948],[37.48154,55.74155],[37.48016,55.74305],[37.47843,55.74256],[37.46069,55.73755],[37.46044,55.73722],[37.45422,55.73588],[37.44879,55.73489],[37.44725,55.73508],[37.44492,55.73483],[37.43895,55.73689],[37.43797,55.73717]]]},"properties":{"description":"Фили-Давыдково","fill":"#ed4543","fill-opacity":0.6,"stroke":"#ed4543","stroke-width":"5","stroke-opacity":0.9}},{"type":"Feature","id":9,"geometry":{"type":"Polygon","coordinates":[[[37.46632,55.69453],[37.46759,55.69355],[37.46898,55.6925],[37.47001,55.69171],[37.47349,55.68907],[37.47756,55.68593],[37.47819,55.6854],[37.47897,55.68468],[37.47944,55.68415],[37.47989,55.68355],[37.48068,55.68227],[37.48138,55.68113],[37.48148,55.68114],[37.48158,55.68117],[37.48165,55.68119],[37.48171,55.6812],[37.48174,55.68125],[37.48176,55.68131],[37.48198,55.68137],[37.48222,55.68143],[37.48275,55.68177],[37.48279,55.68201],[37.48323,55.68224],[37.48369,55.6825],[37.48461,55.68306],[37.48467,55.68306],[37.48478,55.68305],[37.48518,55.68282],[37.48542,55.68268],[37.4856,55.68252],[37.48599,55.68235],[37.48621,55.68223],[37.48629,55.6822],[37.48668,55.68238],[37.48679,55.68242],[37.48701,55.68244],[37.48723,55.68241],[37.4898,55.68377],[37.4899,55.68382],[37.48835,55.68573],[37.48829,55.68581],[37.48753,55.68673],[37.48711,55.68723],[37.487,55.68738],[37.48821,55.68828],[37.48867,55.68861],[37.48868,55.68861],[37.48946,55.68817],[37.4906,55.68782],[37.49144,55.68737],[37.49254,55.68709],[37.49325,55.68687],[37.49407,55.68664],[37.49432,55.68663],[37.49472,55.68663],[37.49512,55.68666],[37.49529,55.68673],[37.49548,55.68681],[37.4956,55.6869],[37.49576,55.68696],[37.49598,55.68696],[37.49608,55.68693],[37.4962,55.68691],[37.49629,55.68693],[37.49638,55.687],[37.49665,55.68712],[37.49699,55.68738],[37.4977,55.68782],[37.49783,55.6879],[37.49805,55.68803],[37.49832,55.6881],[37.4986,55.68811],[37.49872,55.68817],[37.49892,55.68819],[37.49902,55.68813],[37.49909,55.68801],[37.49918,55.6879],[37.49923,55.68785],[37.49935,55.68785],[37.49949,55.68793],[37.49969,55.68795],[37.49995,55.68795],[37.50016,55.68792],[37.50026,55.68785],[37.50047,55.68786],[37.50076,55.6879],[37.50098,55.6879],[37.50115,55.68787],[37.50144,55.68784],[37.50165,55.68781],[37.50205,55.68776],[37.50231,55.6877],[37.50254,55.68767],[37.50278,55.68763],[37.50295,55.6877],[37.50306,55.68776],[37.5032,55.68783],[37.50332,55.68782],[37.5035,55.68786],[37.50368,55.68791],[37.50383,55.68796],[37.50398,55.68807],[37.50403,55.6881],[37.50414,55.68816],[37.50421,55.68816],[37.50429,55.68814],[37.50433,55.68805],[37.50441,55.68798],[37.50457,55.6879],[37.50491,55.68787],[37.5054,55.68783],[37.50604,55.6877],[37.50638,55.68751],[37.5067,55.68734],[37.50695,55.68711],[37.50716,55.68685],[37.50729,55.68663],[37.50733,55.68634],[37.50732,55.68603],[37.50718,55.68574],[37.50709,55.68541],[37.50703,55.68518],[37.50702,55.68503],[37.50708,55.68487],[37.50725,55.68462],[37.50755,55.6842],[37.50792,55.68376],[37.50819,55.68357],[37.50859,55.68349],[37.50895,55.68331],[37.50915,55.68309],[37.50937,55.6828],[37.50947,55.68245],[37.50946,55.68209],[37.5094,55.68185],[37.50915,55.68168],[37.50907,55.68152],[37.50864,55.68119],[37.50901,55.6798],[37.51014,55.67884],[37.51166,55.67973],[37.53005,55.68993],[37.53575,55.6931],[37.53657,55.69356],[37.54631,55.70075],[37.55415,55.70653],[37.55702,55.70861],[37.55923,55.71028],[37.55687,55.71034],[37.5529,55.71097],[37.54852,55.71226],[37.54594,55.71369],[37.54333,55.71562],[37.54189,55.71759],[37.54108,55.72013],[37.54118,55.72206],[37.54186,55.72404],[37.54307,55.72557],[37.5449,55.72706],[37.54522,55.72719],[37.54779,55.72807],[37.54655,55.72935],[37.54427,55.73174],[37.54333,55.73271],[37.54287,55.73314],[37.54218,55.73367],[37.5414,55.73426],[37.53847,55.73621],[37.53816,55.73614],[37.53704,55.73593],[37.53561,55.73579],[37.53435,55.73568],[37.53352,55.73557],[37.53259,55.73543],[37.53132,55.73513],[37.51929,55.73158],[37.51795,55.73116],[37.51638,55.73054],[37.51553,55.73018],[37.51433,55.72968],[37.51362,55.72934],[37.51,55.7276],[37.50853,55.72693],[37.50371,55.72483],[37.5031,55.72458],[37.50156,55.72395],[37.49857,55.72285],[37.49774,55.7225],[37.49711,55.72213],[37.49649,55.72169],[37.49602,55.72128],[37.49573,55.72099],[37.49492,55.72012],[37.49309,55.71783],[37.49337,55.71549],[37.49293,55.71349],[37.49069,55.70928],[37.48815,55.70737],[37.47716,55.70262],[37.47182,55.69955],[37.46955,55.6982],[37.46799,55.6968],[37.46632,55.69453]]]},"properties":{"description":"Раменки","fill":"#ed4543","fill-opacity":0.6,"stroke":"#ed4543","stroke-width":"5","stroke-opacity":0.9}},{"type":"Feature","id":10,"geometry":{"type":"Polygon","coordinates":[[[37.47168,55.83779],[37.47218,55.83718],[37.47422,55.83597],[37.47621,55.83429],[37.47782,55.83285],[37.47855,55.83196],[37.47898,55.83155],[37.47912,55.83075],[37.47832,55.83047],[37.47447,55.83],[37.47442,55.82983],[37.47577,55.82869],[37.47624,55.82828],[37.4763,55.82823],[37.47799,55.82679],[37.4782,55.82661],[37.47849,55.82657],[37.47883,55.82665],[37.48039,55.82702],[37.48139,55.82701],[37.48289,55.82693],[37.48353,55.82684],[37.48428,55.82671],[37.4856,55.82652],[37.48638,55.82648],[37.48716,55.82648],[37.48843,55.82657],[37.48979,55.82693],[37.49029,55.82706],[37.4907,55.82717],[37.49095,55.82724],[37.49108,55.82727],[37.49335,55.82449],[37.49191,55.82386],[37.49062,55.82312],[37.4898,55.82247],[37.48891,55.82168],[37.48791,55.82062],[37.48742,55.81987],[37.48695,55.81884],[37.48669,55.81792],[37.4866,55.81735],[37.48656,55.81709],[37.48668,55.81687],[37.48684,55.81535],[37.48732,55.81532],[37.48814,55.8153],[37.4935,55.81519],[37.49552,55.8151],[37.49818,55.81501],[37.50025,55.81496],[37.5029,55.81489],[37.50808,55.81475],[37.50978,55.81477],[37.51163,55.81485],[37.51369,55.81494],[37.51654,55.81506],[37.5195,55.81517],[37.51951,55.81587],[37.51958,55.81592],[37.51986,55.81624],[37.51997,55.81637],[37.52083,55.81722],[37.5218,55.81755],[37.51788,55.81863],[37.51783,55.81872],[37.51786,55.81893],[37.51954,55.82105],[37.51957,55.82119],[37.51949,55.82131],[37.51823,55.8227],[37.51815,55.82279],[37.51805,55.823],[37.51572,55.8258],[37.51569,55.82584],[37.51552,55.826],[37.51531,55.82626],[37.51514,55.82647],[37.51445,55.82733],[37.51439,55.8274],[37.51435,55.82746],[37.5145,55.8275],[37.51472,55.82756],[37.51487,55.82763],[37.51492,55.8277],[37.51494,55.82779],[37.5145,55.82805],[37.51397,55.82837],[37.51351,55.82864],[37.51232,55.82935],[37.51205,55.82951],[37.51153,55.82982],[37.51132,55.82996],[37.51108,55.83017],[37.511,55.83024],[37.51095,55.83032],[37.5109,55.8304],[37.51066,55.83056],[37.50985,55.83101],[37.50836,55.8318],[37.50778,55.83209],[37.50875,55.83274],[37.50882,55.83293],[37.50875,55.83314],[37.50863,55.83326],[37.50789,55.83412],[37.50779,55.83432],[37.50772,55.83446],[37.50753,55.83479],[37.50723,55.83522],[37.50692,55.83558],[37.50601,55.83634],[37.50575,55.83656],[37.50555,55.83672],[37.50541,55.83684],[37.50526,55.83693],[37.50491,55.83717],[37.49398,55.83934],[37.49218,55.83935],[37.48827,55.83937],[37.4878,55.83937],[37.48776,55.83937],[37.48741,55.83937],[37.48704,55.83937],[37.48455,55.83936],[37.48325,55.83934],[37.48209,55.83934],[37.48184,55.83934],[37.48138,55.83933],[37.47987,55.84134],[37.47693,55.84108],[37.47423,55.8407],[37.47259,55.84035],[37.47206,55.83939],[37.47178,55.83855],[37.47168,55.83779]]]},"properties":{"description":"Войковский","fill":"#ed4543","fill-opacity":0.6,"stroke":"#ed4543","stroke-width":"5","stroke-opacity":0.9}},{"type":"Feature","id":11,"geometry":{"type":"Polygon","coordinates":[[[37.48684,55.81535],[37.48687,55.81501],[37.48703,55.81395],[37.4871,55.81367],[37.48722,55.81328],[37.48736,55.81299],[37.48766,55.81244],[37.4879,55.8121],[37.48858,55.81127],[37.48941,55.81031],[37.49099,55.8085],[37.49317,55.80596],[37.49614,55.80247],[37.49848,55.79982],[37.49956,55.79859],[37.5006,55.79735],[37.50258,55.79498],[37.50325,55.79386],[37.50389,55.79112],[37.50958,55.79197],[37.51796,55.79344],[37.51835,55.79349],[37.51832,55.79358],[37.51839,55.79369],[37.51879,55.7942],[37.51891,55.79435],[37.51888,55.79449],[37.51855,55.7946],[37.51796,55.79473],[37.51822,55.79527],[37.51824,55.79553],[37.51824,55.79563],[37.51824,55.79567],[37.51854,55.79671],[37.51861,55.79701],[37.51873,55.7975],[37.51882,55.79784],[37.51893,55.79827],[37.51901,55.79858],[37.51903,55.79864],[37.51926,55.79948],[37.51932,55.7997],[37.51952,55.80035],[37.51962,55.80068],[37.51987,55.80153],[37.52017,55.80259],[37.52018,55.80267],[37.52018,55.80274],[37.52014,55.80304],[37.52014,55.80311],[37.52017,55.80316],[37.52019,55.80322],[37.52044,55.80374],[37.51601,55.80485],[37.51361,55.80545],[37.51101,55.80608],[37.51137,55.80647],[37.51279,55.80803],[37.51466,55.81023],[37.51513,55.81053],[37.51594,55.81136],[37.51631,55.81173],[37.51685,55.81192],[37.5195,55.81517],[37.51654,55.81506],[37.51369,55.81494],[37.51163,55.81485],[37.50978,55.81477],[37.50808,55.81475],[37.5029,55.81489],[37.50025,55.81496],[37.49818,55.81501],[37.49552,55.8151],[37.4935,55.81519],[37.48814,55.8153],[37.48732,55.81532],[37.48684,55.81535]]]},"properties":{"description":"Сокол","fill":"#ed4543","fill-opacity":0.6,"stroke":"#ed4543","stroke-width":"5","stroke-opacity":0.9}},{"type":"Feature","id":12,"geometry":{"type":"Polygon","coordinates":[[[37.47371,55.67887],[37.47382,55.6787],[37.4742,55.67857],[37.47456,55.67852],[37.47512,55.67853],[37.47548,55.67851],[37.47608,55.67827],[37.47615,55.67822],[37.47637,55.67822],[37.47734,55.6779],[37.47769,55.67772],[37.47806,55.67744],[37.47858,55.67681],[37.47877,55.67665],[37.47996,55.67576],[37.48057,55.67507],[37.48146,55.67402],[37.48169,55.6738],[37.48173,55.67366],[37.48173,55.67351],[37.48188,55.67318],[37.48233,55.67263],[37.48245,55.67243],[37.4825,55.67227],[37.48249,55.6721],[37.48251,55.6719],[37.48265,55.67178],[37.48311,55.67172],[37.48327,55.67159],[37.4834,55.67144],[37.48375,55.67115],[37.48381,55.67068],[37.48415,55.67051],[37.48438,55.67035],[37.48463,55.67022],[37.48511,55.67005],[37.48554,55.67005],[37.48568,55.66999],[37.48582,55.66989],[37.48602,55.6698],[37.48621,55.66977],[37.48653,55.66967],[37.48665,55.6696],[37.48684,55.66958],[37.48718,55.66967],[37.48746,55.66969],[37.48764,55.66968],[37.48803,55.66973],[37.48874,55.66965],[37.48925,55.66962],[37.48978,55.6696],[37.49009,55.66964],[37.49027,55.66969],[37.49046,55.66975],[37.49066,55.66983],[37.49098,55.66994],[37.49708,55.66885],[37.49766,55.66879],[37.49813,55.66873],[37.49843,55.66871],[37.49869,55.66856],[37.49925,55.66829],[37.49957,55.66807],[37.49985,55.66794],[37.5,55.66783],[37.50026,55.6677],[37.50036,55.66744],[37.50028,55.66726],[37.50026,55.66709],[37.50056,55.66701],[37.50084,55.6669],[37.50099,55.66681],[37.50124,55.6668],[37.50124,55.66668],[37.50151,55.66656],[37.50156,55.66646],[37.50161,55.66639],[37.50176,55.66621],[37.5018,55.66611],[37.50172,55.66604],[37.50176,55.66591],[37.50191,55.66566],[37.50229,55.66557],[37.50249,55.66549],[37.50258,55.66539],[37.50255,55.66523],[37.50249,55.66508],[37.50281,55.66501],[37.503,55.66491],[37.5033,55.66491],[37.5036,55.66478],[37.50371,55.66455],[37.50399,55.66453],[37.50425,55.66443],[37.50461,55.66445],[37.50508,55.66427],[37.50519,55.66413],[37.50526,55.66402],[37.50547,55.66392],[37.50563,55.66386],[37.50566,55.66379],[37.50566,55.66369],[37.50584,55.66359],[37.50605,55.66344],[37.50616,55.66326],[37.50636,55.66306],[37.50671,55.66293],[37.50654,55.66178],[37.50896,55.66338],[37.52009,55.67088],[37.52414,55.67367],[37.524,55.67372],[37.5237,55.67385],[37.51882,55.67611],[37.51427,55.67828],[37.51213,55.67944],[37.51166,55.67973],[37.51014,55.67884],[37.50901,55.6798],[37.50864,55.68119],[37.50907,55.68152],[37.50915,55.68168],[37.5094,55.68185],[37.50946,55.68209],[37.50947,55.68245],[37.50937,55.6828],[37.50915,55.68309],[37.50895,55.68331],[37.50859,55.68349],[37.50819,55.68357],[37.50792,55.68376],[37.50755,55.6842],[37.50725,55.68462],[37.50708,55.68487],[37.50702,55.68503],[37.50703,55.68518],[37.50709,55.68541],[37.50718,55.68574],[37.50732,55.68603],[37.50733,55.68634],[37.50729,55.68663],[37.50716,55.68685],[37.50695,55.68711],[37.5067,55.68734],[37.50638,55.68751],[37.50604,55.6877],[37.5054,55.68783],[37.50491,55.68787],[37.50457,55.6879],[37.50441,55.68798],[37.50433,55.68805],[37.50429,55.68814],[37.50421,55.68816],[37.50414,55.68816],[37.50403,55.6881],[37.50398,55.68807],[37.50383,55.68796],[37.50368,55.68791],[37.5035,55.68786],[37.50332,55.68782],[37.5032,55.68783],[37.50306,55.68776],[37.50295,55.6877],[37.50278,55.68763],[37.50254,55.68767],[37.50231,55.6877],[37.50205,55.68776],[37.50165,55.68781],[37.50144,55.68784],[37.50115,55.68787],[37.50098,55.6879],[37.50076,55.6879],[37.50047,55.68786],[37.50026,55.68785],[37.50016,55.68792],[37.49995,55.68795],[37.49969,55.68795],[37.49949,55.68793],[37.49935,55.68785],[37.49923,55.68785],[37.49918,55.6879],[37.49909,55.68801],[37.49902,55.68813],[37.49892,55.68819],[37.49872,55.68817],[37.4986,55.68811],[37.49832,55.6881],[37.49805,55.68803],[37.49783,55.6879],[37.4977,55.68782],[37.49699,55.68738],[37.49665,55.68712],[37.49638,55.687],[37.49629,55.68693],[37.4962,55.68691],[37.49608,55.68693],[37.49598,55.68696],[37.49576,55.68696],[37.4956,55.6869],[37.49548,55.68681],[37.49529,55.68673],[37.49512,55.68666],[37.49472,55.68663],[37.49432,55.68663],[37.49407,55.68664],[37.49325,55.68687],[37.49254,55.68709],[37.49144,55.68737],[37.4906,55.68782],[37.48946,55.68817],[37.48868,55.68861],[37.48867,55.68861],[37.48821,55.68828],[37.487,55.68738],[37.48711,55.68723],[37.48753,55.68673],[37.48829,55.68581],[37.48835,55.68573],[37.4899,55.68382],[37.4898,55.68377],[37.48723,55.68241],[37.48701,55.68244],[37.48679,55.68242],[37.48668,55.68238],[37.48629,55.6822],[37.48621,55.68223],[37.48599,55.68235],[37.4856,55.68252],[37.48542,55.68268],[37.48518,55.68282],[37.48478,55.68305],[37.48467,55.68306],[37.48461,55.68306],[37.48369,55.6825],[37.48323,55.68224],[37.48279,55.68201],[37.48275,55.68177],[37.48222,55.68143],[37.48198,55.68137],[37.48176,55.68131],[37.48174,55.68125],[37.48171,55.6812],[37.48165,55.68119],[37.48158,55.68117],[37.48148,55.68114],[37.48138,55.68113],[37.48068,55.68227],[37.47989,55.68355],[37.47944,55.68415],[37.47897,55.68468],[37.47819,55.6854],[37.47756,55.68593],[37.47609,55.68511],[37.47682,55.68424],[37.47667,55.68342],[37.47628,55.6827],[37.47605,55.68248],[37.47566,55.68239],[37.47494,55.68193],[37.47457,55.68154],[37.47439,55.68135],[37.47427,55.68115],[37.47397,55.68067],[37.47394,55.68051],[37.47384,55.67997],[37.47382,55.6795],[37.47378,55.67926],[37.47371,55.67887]]]},"properties":{"description":"Проспект Вернадского","fill":"#ed4543","fill-opacity":0.6,"stroke":"#ed4543","stroke-width":"5","stroke-opacity":0.9}},{"type":"Feature","id":13,"geometry":{"type":"Polygon","coordinates":[[[37.48929,55.73301],[37.49433,55.72749],[37.49577,55.72592],[37.49857,55.72285],[37.50156,55.72395],[37.5031,55.72458],[37.50371,55.72483],[37.50853,55.72693],[37.51,55.7276],[37.51362,55.72934],[37.51433,55.72968],[37.51553,55.73018],[37.51638,55.73054],[37.51795,55.73116],[37.51929,55.73158],[37.53132,55.73513],[37.53259,55.73543],[37.53352,55.73557],[37.53435,55.73568],[37.53561,55.73579],[37.53704,55.73593],[37.53816,55.73614],[37.53847,55.73621],[37.5414,55.73426],[37.54218,55.73367],[37.54287,55.73314],[37.54333,55.73271],[37.54427,55.73174],[37.54655,55.72935],[37.54779,55.72807],[37.54883,55.72842],[37.55303,55.72995],[37.55906,55.73307],[37.56363,55.7351],[37.56575,55.7364],[37.56833,55.73855],[37.57303,55.74369],[37.57389,55.74471],[37.57413,55.74545],[37.57445,55.74633],[37.57449,55.74886],[37.57402,55.75034],[37.57303,55.75147],[37.57206,55.75202],[37.5708,55.75273],[37.56788,55.75336],[37.56402,55.7536],[37.56018,55.75308],[37.55756,55.75239],[37.55454,55.75144],[37.54904,55.74898],[37.54355,55.74652],[37.54037,55.74546],[37.53673,55.74464],[37.5324,55.7444],[37.52797,55.74461],[37.52557,55.74534],[37.52364,55.74633],[37.52252,55.74721],[37.52149,55.7469],[37.51896,55.74619],[37.51753,55.74572],[37.51661,55.74537],[37.51565,55.74492],[37.51487,55.74445],[37.51413,55.74396],[37.51367,55.74361],[37.51215,55.74201],[37.51065,55.74038],[37.50993,55.73959],[37.5084,55.73819],[37.50755,55.73775],[37.50611,55.73699],[37.50579,55.73683],[37.49854,55.7346],[37.49645,55.73414],[37.48967,55.73308],[37.48929,55.73301]]]},"properties":{"description":"Дорогомилово ","fill":"#ed4543","fill-opacity":0.6,"stroke":"#ed4543","stroke-width":"5","stroke-opacity":0.9}},{"type":"Feature","id":14,"geometry":{"type":"Polygon","coordinates":[[[37.50389,55.79112],[37.50404,55.79045],[37.50439,55.78858],[37.50489,55.78663],[37.50523,55.78485],[37.50576,55.78267],[37.50629,55.78032],[37.50665,55.77841],[37.50685,55.77786],[37.50698,55.77757],[37.50705,55.77743],[37.50744,55.77682],[37.50774,55.77643],[37.50808,55.77606],[37.50864,55.77545],[37.5092,55.77488],[37.50943,55.77466],[37.50969,55.7744],[37.51004,55.77404],[37.51025,55.77383],[37.51055,55.77352],[37.51099,55.77307],[37.51128,55.77276],[37.51171,55.77228],[37.51189,55.77209],[37.51212,55.77184],[37.51252,55.77142],[37.5128,55.77112],[37.51317,55.77074],[37.51334,55.77056],[37.51368,55.77022],[37.51385,55.77004],[37.51401,55.76987],[37.51431,55.76956],[37.51467,55.76918],[37.51479,55.76904],[37.51493,55.7689],[37.51507,55.76874],[37.51524,55.76857],[37.51556,55.76823],[37.51596,55.76781],[37.51633,55.76743],[37.5171,55.76662],[37.51792,55.76577],[37.51874,55.7649],[37.51957,55.76402],[37.51985,55.76374],[37.52014,55.76344],[37.52052,55.76304],[37.52083,55.76271],[37.52123,55.76227],[37.52147,55.76202],[37.52194,55.76151],[37.52256,55.76169],[37.52429,55.75985],[37.52439,55.75988],[37.52507,55.76011],[37.52561,55.76049],[37.52642,55.76092],[37.52678,55.76108],[37.52688,55.76114],[37.52834,55.76176],[37.52885,55.76198],[37.53182,55.76322],[37.53212,55.76337],[37.53228,55.76348],[37.53311,55.76436],[37.53358,55.76471],[37.53386,55.76488],[37.53415,55.7651],[37.53429,55.76539],[37.53462,55.7659],[37.53466,55.766],[37.53473,55.7662],[37.53606,55.7661],[37.53624,55.76738],[37.53663,55.76907],[37.53728,55.76971],[37.53792,55.77037],[37.53896,55.77113],[37.54057,55.77195],[37.54186,55.77241],[37.5434,55.77279],[37.54443,55.77299],[37.54634,55.77315],[37.54808,55.77311],[37.55192,55.77341],[37.55169,55.77413],[37.5519,55.77418],[37.55212,55.77422],[37.55228,55.77427],[37.5525,55.77433],[37.5527,55.7744],[37.55284,55.77445],[37.55296,55.7745],[37.55311,55.77456],[37.55323,55.77462],[37.55342,55.77471],[37.55359,55.7748],[37.55381,55.77494],[37.55395,55.77503],[37.55415,55.7752],[37.55426,55.77529],[37.55434,55.77538],[37.55454,55.77557],[37.55463,55.77567],[37.55471,55.77576],[37.55503,55.77612],[37.55397,55.77643],[37.55308,55.77668],[37.55212,55.77696],[37.55154,55.77712],[37.55123,55.77724],[37.55111,55.77729],[37.55075,55.77749],[37.55064,55.77756],[37.55053,55.77763],[37.54723,55.7797],[37.54588,55.78056],[37.54573,55.78066],[37.54564,55.78072],[37.5455,55.7808],[37.54537,55.78091],[37.5453,55.78103],[37.54511,55.78141],[37.54487,55.78195],[37.54428,55.78328],[37.54409,55.78358],[37.54328,55.78372],[37.54199,55.78346],[37.5415,55.78428],[37.54084,55.78496],[37.54188,55.78541],[37.54272,55.78592],[37.54574,55.78813],[37.55068,55.79161],[37.55117,55.79191],[37.53119,55.80071],[37.52201,55.80331],[37.52044,55.80374],[37.52019,55.80322],[37.52017,55.80316],[37.52014,55.80311],[37.52014,55.80304],[37.52018,55.80274],[37.52018,55.80267],[37.52017,55.80259],[37.51987,55.80153],[37.51962,55.80068],[37.51952,55.80035],[37.51932,55.7997],[37.51926,55.79948],[37.51903,55.79864],[37.51901,55.79858],[37.51893,55.79827],[37.51882,55.79784],[37.51873,55.7975],[37.51861,55.79701],[37.51854,55.79671],[37.51824,55.79567],[37.51824,55.79563],[37.51824,55.79553],[37.51822,55.79527],[37.51796,55.79473],[37.51855,55.7946],[37.51888,55.79449],[37.51891,55.79435],[37.51879,55.7942],[37.51839,55.79369],[37.51832,55.79358],[37.51835,55.79349],[37.51796,55.79344],[37.50958,55.79197],[37.50389,55.79112]]]},"properties":{"description":"Хорошёвский","fill":"#ed4543","fill-opacity":0.6,"stroke":"#ed4543","stroke-width":"5","stroke-opacity":0.9}},{"type":"Feature","id":15,"geometry":{"type":"Polygon","coordinates":[[[37.54084,55.78496],[37.5415,55.78428],[37.54199,55.78346],[37.54328,55.78372],[37.54409,55.78358],[37.54428,55.78328],[37.54487,55.78195],[37.54511,55.78141],[37.5453,55.78103],[37.54537,55.78091],[37.5455,55.7808],[37.54564,55.78072],[37.54573,55.78066],[37.54588,55.78056],[37.54723,55.7797],[37.55053,55.77763],[37.55064,55.77756],[37.55075,55.77749],[37.55111,55.77729],[37.55123,55.77724],[37.55154,55.77712],[37.55212,55.77696],[37.55308,55.77668],[37.55397,55.77643],[37.55503,55.77612],[37.55471,55.77576],[37.55463,55.77567],[37.55454,55.77557],[37.55434,55.77538],[37.55426,55.77529],[37.55415,55.7752],[37.55395,55.77503],[37.55381,55.77494],[37.55359,55.7748],[37.55342,55.77471],[37.55323,55.77462],[37.55311,55.77456],[37.55296,55.7745],[37.55284,55.77445],[37.5527,55.7744],[37.5525,55.77433],[37.55228,55.77427],[37.55212,55.77422],[37.5519,55.77418],[37.55169,55.77413],[37.55192,55.77341],[37.55551,55.77384],[37.55917,55.77422],[37.56692,55.775],[37.57108,55.77543],[37.57312,55.77547],[37.57369,55.77548],[37.57523,55.77552],[37.57599,55.77561],[37.57673,55.77575],[37.57746,55.77594],[37.5781,55.77615],[37.57999,55.77693],[37.5811,55.77743],[37.58131,55.77754],[37.58145,55.77762],[37.58182,55.77783],[37.58202,55.77797],[37.58224,55.77811],[37.58246,55.77825],[37.58256,55.77831],[37.58266,55.77837],[37.58307,55.7786],[37.58325,55.77871],[37.58342,55.77882],[37.58378,55.77906],[37.58391,55.77916],[37.58406,55.77927],[37.58457,55.77968],[37.58479,55.77987],[37.58499,55.78015],[37.58511,55.78034],[37.5852,55.78048],[37.58544,55.78102],[37.58567,55.78161],[37.58585,55.78206],[37.58596,55.78238],[37.58607,55.7827],[37.58612,55.78289],[37.58624,55.78325],[37.58634,55.78358],[37.58639,55.78378],[37.58644,55.78398],[37.58656,55.78439],[37.58679,55.78519],[37.58684,55.78542],[37.58691,55.78568],[37.58699,55.78595],[37.58742,55.78748],[37.58756,55.78806],[37.58768,55.78864],[37.58787,55.78971],[37.58801,55.79024],[37.58814,55.79075],[37.58827,55.79118],[37.58844,55.79161],[37.58858,55.792],[37.58817,55.7923],[37.58774,55.79258],[37.58647,55.79338],[37.58534,55.79281],[37.58393,55.79216],[37.58317,55.79213],[37.57454,55.79166],[37.5742,55.79149],[37.57377,55.79121],[37.57004,55.78856],[37.56814,55.78716],[37.56642,55.78593],[37.56574,55.78548],[37.55117,55.79191],[37.55068,55.79161],[37.54574,55.78813],[37.54272,55.78592],[37.54188,55.78541],[37.54084,55.78496]]]},"properties":{"description":"Беговой","fill":"#ed4543","fill-opacity":0.6,"stroke":"#ed4543","stroke-width":"5","stroke-opacity":0.9}},{"type":"Feature","id":16,"geometry":{"type":"Polygon","coordinates":[[[37.51101,55.80608],[37.51361,55.80545],[37.51601,55.80485],[37.52044,55.80374],[37.52201,55.80331],[37.53119,55.80071],[37.55117,55.79191],[37.56574,55.78548],[37.56642,55.78593],[37.56814,55.78716],[37.57004,55.78856],[37.57377,55.79121],[37.5742,55.79149],[37.57454,55.79166],[37.57253,55.79157],[37.56992,55.79144],[37.56959,55.79143],[37.56919,55.79159],[37.56868,55.79183],[37.56753,55.79224],[37.56702,55.79242],[37.56686,55.79249],[37.56572,55.79291],[37.56504,55.79317],[37.56484,55.79324],[37.56381,55.79361],[37.56363,55.79372],[37.56333,55.7939],[37.56243,55.79463],[37.56108,55.79574],[37.56097,55.79582],[37.56003,55.79669],[37.55944,55.79723],[37.55917,55.79748],[37.55876,55.79787],[37.55862,55.798],[37.55859,55.79804],[37.55824,55.79836],[37.55799,55.79858],[37.55733,55.79919],[37.55725,55.79927],[37.5572,55.79933],[37.55694,55.79967],[37.55679,55.79983],[37.55673,55.79991],[37.5558,55.80073],[37.55535,55.80112],[37.55513,55.8013],[37.55512,55.80131],[37.55465,55.8017],[37.55388,55.80232],[37.55379,55.80239],[37.5537,55.80246],[37.55108,55.80462],[37.55091,55.80475],[37.54964,55.80574],[37.54944,55.8059],[37.54846,55.80664],[37.54936,55.80704],[37.54946,55.80708],[37.54413,55.81002],[37.54129,55.81161],[37.54078,55.8119],[37.53949,55.81262],[37.53715,55.81392],[37.53648,55.81426],[37.53528,55.81477],[37.53397,55.81514],[37.53259,55.81542],[37.53137,55.81555],[37.5301,55.81561],[37.52891,55.81559],[37.52714,55.81552],[37.5195,55.81517],[37.51685,55.81192],[37.51631,55.81173],[37.51594,55.81136],[37.51513,55.81053],[37.51466,55.81023],[37.51279,55.80803],[37.51137,55.80647],[37.51101,55.80608]]]},"properties":{"description":"Аэропорт","fill":"#ed4543","fill-opacity":0.6,"stroke":"#ed4543","stroke-width":"5","stroke-opacity":0.9}},{"type":"Feature","id":17,"geometry":{"type":"Polygon","coordinates":[[[37.51393,55.75842],[37.51454,55.75809],[37.5163,55.75683],[37.51767,55.75464],[37.51814,55.75321],[37.5185,55.75258],[37.52023,55.75002],[37.52036,55.74985],[37.52205,55.74758],[37.52252,55.74721],[37.52364,55.74633],[37.52557,55.74534],[37.52797,55.74461],[37.5324,55.7444],[37.53673,55.74464],[37.54037,55.74546],[37.54355,55.74652],[37.54904,55.74898],[37.55454,55.75144],[37.55756,55.75239],[37.56018,55.75308],[37.56402,55.7536],[37.56788,55.75336],[37.5708,55.75273],[37.57206,55.75202],[37.57396,55.75256],[37.57505,55.75335],[37.57628,55.75463],[37.57651,55.75487],[37.57662,55.75499],[37.57681,55.75521],[37.57692,55.7552],[37.57717,55.75518],[37.57738,55.75518],[37.57859,55.7552],[37.57941,55.7552],[37.58063,55.75521],[37.58321,55.75523],[37.58338,55.75523],[37.58386,55.7552],[37.58404,55.75608],[37.58427,55.75724],[37.5843,55.75741],[37.58435,55.75765],[37.58439,55.75786],[37.58446,55.75811],[37.58504,55.75806],[37.58524,55.75798],[37.58534,55.75793],[37.58626,55.75759],[37.58629,55.75758],[37.58715,55.75724],[37.588,55.7569],[37.58826,55.75679],[37.58926,55.7564],[37.58931,55.75644],[37.5896,55.7567],[37.59308,55.75579],[37.59696,55.75474],[37.59722,55.75467],[37.59779,55.75453],[37.59918,55.75427],[37.59943,55.75404],[37.60029,55.754],[37.60131,55.75375],[37.60232,55.75379],[37.60233,55.75376],[37.60234,55.75372],[37.60237,55.75359],[37.60248,55.75365],[37.6026,55.75372],[37.60269,55.75377],[37.60281,55.75383],[37.60311,55.75396],[37.60345,55.75407],[37.60359,55.75411],[37.60377,55.75416],[37.60424,55.75422],[37.60457,55.75418],[37.60508,55.75413],[37.60521,55.75412],[37.60547,55.75409],[37.6059,55.75405],[37.60602,55.75403],[37.60607,55.75416],[37.60608,55.75417],[37.60613,55.75428],[37.60619,55.75442],[37.60622,55.75449],[37.60635,55.75475],[37.60638,55.7548],[37.60652,55.75509],[37.6066,55.75524],[37.60682,55.75552],[37.60689,55.7556],[37.60734,55.75608],[37.6074,55.75615],[37.60733,55.75617],[37.60725,55.7562],[37.60704,55.75625],[37.60712,55.75632],[37.60725,55.75642],[37.6075,55.75663],[37.60807,55.75709],[37.60841,55.75737],[37.6088,55.75769],[37.60894,55.75779],[37.60908,55.75788],[37.60941,55.7581],[37.60967,55.75827],[37.60967,55.75829],[37.60927,55.7585],[37.60947,55.75861],[37.60898,55.75907],[37.60806,55.75975],[37.60778,55.75995],[37.60764,55.76004],[37.60757,55.76009],[37.60749,55.76013],[37.60714,55.76033],[37.60695,55.76045],[37.60694,55.76045],[37.60678,55.76053],[37.6067,55.76044],[37.60662,55.76038],[37.60661,55.76038],[37.60595,55.76067],[37.60594,55.76074],[37.6057,55.76085],[37.60564,55.76089],[37.60564,55.76089],[37.60586,55.76103],[37.60605,55.76116],[37.60611,55.7612],[37.60621,55.76127],[37.60613,55.76132],[37.606,55.76142],[37.60539,55.76182],[37.60534,55.76187],[37.60511,55.76205],[37.60495,55.76217],[37.60452,55.7625],[37.60444,55.76243],[37.60371,55.76264],[37.60424,55.7632],[37.60351,55.76351],[37.60335,55.76358],[37.60271,55.76389],[37.60262,55.76393],[37.60251,55.76398],[37.60203,55.76421],[37.60184,55.76431],[37.60135,55.76455],[37.60111,55.76465],[37.60067,55.76486],[37.60062,55.76488],[37.60055,55.76487],[37.59899,55.76429],[37.59877,55.76444],[37.59835,55.76472],[37.59805,55.76491],[37.59707,55.76558],[37.59676,55.76579],[37.59621,55.76616],[37.596,55.76631],[37.59583,55.76642],[37.59559,55.76649],[37.59541,55.76662],[37.59547,55.76667],[37.59522,55.76686],[37.59575,55.76706],[37.59572,55.76709],[37.59623,55.76738],[37.59659,55.7676],[37.59621,55.76783],[37.59578,55.7681],[37.59543,55.76792],[37.59488,55.76825],[37.59435,55.76865],[37.59436,55.76867],[37.59437,55.76869],[37.59437,55.7687],[37.59437,55.76872],[37.59437,55.76874],[37.59437,55.76875],[37.59436,55.76877],[37.59434,55.76878],[37.59426,55.76883],[37.59413,55.76891],[37.59397,55.769],[37.59385,55.76908],[37.59366,55.76919],[37.5932,55.76947],[37.59279,55.7697],[37.59225,55.77003],[37.59214,55.77009],[37.59201,55.77015],[37.5914,55.77052],[37.59046,55.77106],[37.59011,55.77126],[37.58996,55.77135],[37.58982,55.77143],[37.58884,55.772],[37.58872,55.77207],[37.58857,55.77215],[37.5882,55.77237],[37.58818,55.77239],[37.58811,55.77242],[37.58782,55.77259],[37.58767,55.77268],[37.58733,55.77287],[37.58717,55.77296],[37.58708,55.77302],[37.5869,55.77312],[37.58654,55.77333],[37.58633,55.77345],[37.58619,55.77353],[37.58567,55.77383],[37.58495,55.77426],[37.5845,55.77452],[37.58411,55.77475],[37.58376,55.77496],[37.58352,55.7751],[37.58345,55.77515],[37.58342,55.77517],[37.58339,55.77519],[37.58337,55.77522],[37.58335,55.77524],[37.58334,55.77527],[37.58334,55.7753],[37.58329,55.77525],[37.58327,55.77524],[37.58325,55.77522],[37.58322,55.7752],[37.58319,55.77519],[37.58305,55.77514],[37.58105,55.7745],[37.57992,55.77413],[37.57915,55.77387],[37.5789,55.77378],[37.57868,55.77371],[37.57851,55.77365],[37.57711,55.77316],[37.57704,55.77322],[37.57641,55.77378],[37.57622,55.77375],[37.57523,55.77552],[37.57369,55.77548],[37.57312,55.77547],[37.57108,55.77543],[37.56692,55.775],[37.55917,55.77422],[37.55551,55.77384],[37.55192,55.77341],[37.54808,55.77311],[37.54634,55.77315],[37.54443,55.77299],[37.5434,55.77279],[37.54186,55.77241],[37.54057,55.77195],[37.53896,55.77113],[37.53792,55.77037],[37.53728,55.76971],[37.53663,55.76907],[37.53624,55.76738],[37.53606,55.7661],[37.53473,55.7662],[37.53466,55.766],[37.53462,55.7659],[37.53429,55.76539],[37.53415,55.7651],[37.53386,55.76488],[37.53358,55.76471],[37.53311,55.76436],[37.53228,55.76348],[37.53212,55.76337],[37.53182,55.76322],[37.52885,55.76198],[37.52834,55.76176],[37.52688,55.76114],[37.52678,55.76108],[37.52642,55.76092],[37.52561,55.76049],[37.52507,55.76011],[37.52439,55.75988],[37.52429,55.75985],[37.52256,55.76169],[37.52194,55.76151],[37.52187,55.76149],[37.5218,55.76146],[37.52173,55.76144],[37.52166,55.76142],[37.52159,55.76139],[37.52152,55.76137],[37.52117,55.76124],[37.52097,55.76112],[37.52038,55.7609],[37.51993,55.76072],[37.51927,55.76047],[37.51663,55.75946],[37.51567,55.75909],[37.51393,55.75842]]]},"properties":{"description":"Пресненский ","fill":"#ed4543","fill-opacity":0.6,"stroke":"#ed4543","stroke-width":"5","stroke-opacity":0.9}},{"type":"Feature","id":18,"geometry":{"type":"Polygon","coordinates":[[[37.52966,55.87283],[37.52983,55.87271],[37.53028,55.87238],[37.53064,55.87211],[37.53079,55.87201],[37.53093,55.87192],[37.53109,55.87182],[37.53124,55.87173],[37.53144,55.87163],[37.53163,55.87153],[37.53183,55.87145],[37.53279,55.87105],[37.53303,55.87095],[37.53324,55.87085],[37.53369,55.87065],[37.53434,55.87033],[37.53455,55.87024],[37.53492,55.87006],[37.53596,55.86957],[37.53645,55.86934],[37.5366,55.86927],[37.53732,55.86894],[37.53811,55.86857],[37.53837,55.86845],[37.54054,55.86743],[37.54114,55.86715],[37.5413,55.86707],[37.54369,55.86594],[37.54476,55.86543],[37.54595,55.86487],[37.54748,55.86405],[37.54784,55.86384],[37.54852,55.86365],[37.54898,55.86336],[37.55013,55.86266],[37.55167,55.86178],[37.5544,55.86039],[37.55478,55.8602],[37.55943,55.85778],[37.56002,55.85748],[37.56025,55.85735],[37.56077,55.85697],[37.564,55.8532],[37.56574,55.85098],[37.56635,55.85023],[37.56654,55.85001],[37.56672,55.84979],[37.56692,55.8495],[37.56751,55.84944],[37.56832,55.84936],[37.56878,55.8493],[37.56923,55.84924],[37.56978,55.84916],[37.5704,55.84906],[37.57134,55.84889],[37.57231,55.84873],[37.5732,55.84857],[37.57358,55.84851],[37.57377,55.84848],[37.57367,55.84879],[37.57331,55.84984],[37.57309,55.85062],[37.57291,55.85142],[37.57276,55.85236],[37.57268,55.85321],[37.57264,55.85416],[37.57271,55.85473],[37.56682,55.85443],[37.56669,55.85465],[37.56647,55.85491],[37.56654,55.85507],[37.56675,55.85571],[37.56715,55.85681],[37.5673,55.85721],[37.56751,55.85772],[37.56768,55.85828],[37.5678,55.8588],[37.56787,55.85927],[37.56709,55.85928],[37.56708,55.85974],[37.56581,55.85973],[37.56579,55.85984],[37.56495,55.85983],[37.56503,55.85937],[37.56445,55.85938],[37.56383,55.85938],[37.56349,55.85939],[37.56268,55.85939],[37.56267,55.86016],[37.56258,55.8607],[37.56237,55.86146],[37.56321,55.86152],[37.56407,55.86159],[37.56434,55.86158],[37.56465,55.86155],[37.56396,55.86299],[37.56423,55.86304],[37.56659,55.86351],[37.56636,55.8638],[37.56608,55.86416],[37.56544,55.86497],[37.56528,55.86517],[37.56408,55.8667],[37.56399,55.86682],[37.56394,55.86688],[37.56375,55.86713],[37.56327,55.86773],[37.56311,55.86794],[37.56292,55.86818],[37.56265,55.86852],[37.56188,55.86951],[37.56171,55.86972],[37.56165,55.8698],[37.56123,55.87032],[37.56104,55.87056],[37.56094,55.87069],[37.56028,55.87154],[37.55975,55.87222],[37.55953,55.87249],[37.55865,55.87361],[37.55857,55.87371],[37.55846,55.87385],[37.55819,55.87419],[37.55782,55.87492],[37.5577,55.87545],[37.55763,55.87629],[37.55763,55.87689],[37.55763,55.87737],[37.55763,55.87783],[37.55761,55.87807],[37.5576,55.87819],[37.55759,55.87892],[37.55759,55.87898],[37.55704,55.87894],[37.55648,55.8789],[37.55636,55.87909],[37.55441,55.87876],[37.55319,55.87856],[37.55329,55.87837],[37.55223,55.87821],[37.55143,55.87808],[37.5507,55.87797],[37.54948,55.87778],[37.54852,55.87763],[37.548,55.87755],[37.54727,55.87743],[37.54703,55.87739],[37.54668,55.87734],[37.54625,55.87831],[37.54591,55.87822],[37.54546,55.87814],[37.54504,55.87807],[37.54359,55.87782],[37.54352,55.8778],[37.54218,55.87757],[37.54137,55.87743],[37.54005,55.8772],[37.53927,55.87707],[37.53902,55.87703],[37.53854,55.87694],[37.53815,55.87688],[37.53637,55.87657],[37.53494,55.87632],[37.53485,55.87631],[37.53395,55.87615],[37.53375,55.87612],[37.5338,55.87598],[37.5339,55.87575],[37.53416,55.87528],[37.53326,55.87508],[37.53326,55.875],[37.5326,55.87486],[37.53095,55.87449],[37.5319,55.87341],[37.53145,55.87332],[37.53124,55.87327],[37.53112,55.87325],[37.53118,55.87315],[37.53086,55.87309],[37.53078,55.87317],[37.53064,55.87333],[37.52982,55.87291],[37.52966,55.87283]]]},"properties":{"description":"Бескудниковский","fill":"#ed4543","fill-opacity":0.6,"stroke":"#ed4543","stroke-width":"5","stroke-opacity":0.9}},{"type":"Feature","id":19,"geometry":{"type":"Polygon","coordinates":[[[37.53005,55.68993],[37.53013,55.68989],[37.53033,55.68976],[37.53042,55.68971],[37.53161,55.68905],[37.53192,55.68887],[37.53195,55.68886],[37.53306,55.68824],[37.53316,55.68818],[37.53336,55.68807],[37.53531,55.68698],[37.53548,55.68688],[37.53571,55.68675],[37.53743,55.6858],[37.53771,55.68564],[37.53878,55.68504],[37.53957,55.6846],[37.53964,55.68456],[37.53988,55.68443],[37.54009,55.68432],[37.54031,55.6842],[37.54065,55.68405],[37.54127,55.68376],[37.54309,55.68291],[37.54309,55.68291],[37.54466,55.68218],[37.54727,55.68094],[37.54749,55.68083],[37.54763,55.68092],[37.54837,55.68141],[37.54897,55.68181],[37.54961,55.68223],[37.54988,55.68242],[37.54996,55.68248],[37.55068,55.68297],[37.55189,55.68376],[37.55201,55.68385],[37.55221,55.68399],[37.55226,55.68403],[37.55232,55.68408],[37.55256,55.68428],[37.55261,55.68432],[37.55265,55.68435],[37.55353,55.68504],[37.5541,55.68549],[37.55417,55.68555],[37.55425,55.68561],[37.55491,55.68616],[37.55547,55.68662],[37.55558,55.68672],[37.55598,55.68706],[37.55624,55.68727],[37.55635,55.68736],[37.55668,55.68763],[37.55762,55.6884],[37.55792,55.68866],[37.56076,55.69102],[37.56111,55.69129],[37.56136,55.69148],[37.56146,55.69156],[37.56206,55.69194],[37.56216,55.692],[37.56225,55.69206],[37.56253,55.69223],[37.56289,55.69244],[37.56303,55.69252],[37.56378,55.69294],[37.56425,55.6932],[37.56469,55.69345],[37.56499,55.69361],[37.5662,55.69431],[37.56645,55.69445],[37.56657,55.69453],[37.56673,55.69461],[37.56682,55.69466],[37.56831,55.6955],[37.56856,55.69564],[37.56924,55.69602],[37.571,55.69701],[37.57113,55.69708],[37.57126,55.69716],[37.57135,55.69721],[37.57213,55.69766],[37.57387,55.69865],[37.57473,55.69914],[37.57485,55.69921],[37.57504,55.69932],[37.57529,55.69946],[37.5757,55.6997],[37.57691,55.70038],[37.57756,55.70075],[37.57837,55.70123],[37.57902,55.70159],[37.57948,55.70187],[37.58007,55.70221],[37.58009,55.70222],[37.58027,55.70231],[37.58047,55.70243],[37.5805,55.70245],[37.58117,55.70282],[37.58155,55.70304],[37.58194,55.70326],[37.58362,55.7042],[37.58434,55.70461],[37.58513,55.70505],[37.58624,55.7057],[37.58626,55.70571],[37.58663,55.70596],[37.5868,55.70605],[37.58731,55.70634],[37.58747,55.70643],[37.5877,55.70656],[37.58871,55.70714],[37.58536,55.70881],[37.58423,55.70951],[37.5834,55.71004],[37.58213,55.711],[37.58164,55.71135],[37.57942,55.71296],[37.57761,55.71421],[37.57493,55.71312],[37.56961,55.71162],[37.5654,55.71076],[37.561,55.71034],[37.55923,55.71028],[37.55702,55.70861],[37.55415,55.70653],[37.54631,55.70075],[37.53657,55.69356],[37.53575,55.6931],[37.53005,55.68993]]]},"properties":{"description":"Гагаринский","fill":"#ed4543","fill-opacity":0.6,"stroke":"#ed4543","stroke-width":"5","stroke-opacity":0.9}},{"type":"Feature","id":20,"geometry":{"type":"Polygon","coordinates":[[[37.53178,55.83139],[37.53203,55.83133],[37.53204,55.83111],[37.53206,55.83068],[37.53245,55.82962],[37.53245,55.82953],[37.5326,55.82817],[37.53269,55.82699],[37.5328,55.82578],[37.5328,55.82569],[37.53283,55.82547],[37.53271,55.82496],[37.53268,55.82484],[37.53268,55.82464],[37.53234,55.82368],[37.53216,55.82346],[37.532,55.82287],[37.53194,55.82261],[37.53191,55.82228],[37.53195,55.82182],[37.53214,55.82168],[37.53252,55.82139],[37.53388,55.82069],[37.53524,55.81974],[37.53534,55.81964],[37.53551,55.81945],[37.53613,55.81868],[37.53616,55.81864],[37.53747,55.81751],[37.53789,55.81711],[37.53842,55.81642],[37.53849,55.81637],[37.53849,55.81631],[37.53905,55.81548],[37.53939,55.81496],[37.53988,55.81414],[37.541,55.81221],[37.54109,55.81207],[37.54078,55.8119],[37.54129,55.81161],[37.54413,55.81002],[37.54946,55.80708],[37.54983,55.80688],[37.55071,55.80642],[37.55109,55.80625],[37.55137,55.80614],[37.55177,55.806],[37.55227,55.80583],[37.55289,55.80564],[37.5534,55.80551],[37.55384,55.8054],[37.55447,55.80526],[37.55509,55.80514],[37.55585,55.80502],[37.55728,55.80488],[37.55838,55.80487],[37.55943,55.80494],[37.56006,55.80501],[37.5609,55.80513],[37.56597,55.80589],[37.57199,55.80684],[37.57586,55.80752],[37.5783,55.80791],[37.58065,55.80829],[37.58314,55.80862],[37.58434,55.80869],[37.58473,55.80868],[37.5844,55.80889],[37.58364,55.80931],[37.58105,55.81051],[37.58043,55.81085],[37.57961,55.81148],[37.57931,55.81181],[37.57914,55.81202],[37.57904,55.81219],[37.57883,55.81262],[37.57868,55.81314],[37.57806,55.81605],[37.57782,55.81664],[37.57754,55.81712],[37.57569,55.81959],[37.57455,55.82112],[37.57431,55.82153],[37.57414,55.82196],[37.57402,55.82239],[37.57395,55.8228],[37.57358,55.83058],[37.57357,55.83132],[37.57365,55.83172],[37.57376,55.83209],[37.57389,55.83239],[37.57415,55.83286],[37.57444,55.8333],[37.57508,55.83398],[37.57597,55.8347],[37.57611,55.8348],[37.57629,55.83495],[37.57682,55.83535],[37.57745,55.83589],[37.57782,55.8363],[37.57815,55.83679],[37.57837,55.83714],[37.57855,55.83759],[37.57864,55.83791],[37.57874,55.83861],[37.57872,55.83903],[37.57867,55.83944],[37.57849,55.84004],[37.57822,55.84062],[37.57797,55.84102],[37.57766,55.84143],[37.57602,55.84309],[37.57562,55.84358],[37.5754,55.84393],[37.57495,55.84509],[37.57444,55.84657],[37.5739,55.8481],[37.57377,55.84848],[37.57358,55.84851],[37.5732,55.84857],[37.57231,55.84873],[37.57134,55.84889],[37.5704,55.84906],[37.56978,55.84916],[37.56923,55.84924],[37.56878,55.8493],[37.56832,55.84936],[37.56751,55.84944],[37.56692,55.8495],[37.56626,55.84956],[37.5659,55.8496],[37.56549,55.84963],[37.56507,55.84966],[37.56468,55.84969],[37.56432,55.8497],[37.564,55.8497],[37.56367,55.8497],[37.56314,55.8497],[37.56276,55.8497],[37.56238,55.84969],[37.562,55.84968],[37.56161,55.84966],[37.5613,55.84964],[37.561,55.84962],[37.56059,55.84958],[37.56018,55.84954],[37.5598,55.8495],[37.55944,55.84945],[37.55913,55.84941],[37.5588,55.84935],[37.55851,55.8493],[37.55822,55.84924],[37.55794,55.84918],[37.55764,55.84911],[37.55728,55.84902],[37.55692,55.84892],[37.55662,55.84883],[37.55629,55.84873],[37.55599,55.84863],[37.55568,55.84853],[37.55551,55.84847],[37.55518,55.84836],[37.56054,55.84484],[37.55877,55.8441],[37.54931,55.84055],[37.54236,55.83801],[37.54061,55.83733],[37.53737,55.83579],[37.5342,55.83396],[37.53364,55.83351],[37.53178,55.83139]]]},"properties":{"description":"Тимирязевский","fill":"#ed4543","fill-opacity":0.6,"stroke":"#ed4543","stroke-width":"5","stroke-opacity":0.9}},{"type":"Feature","id":21,"geometry":{"type":"Polygon","coordinates":[[[37.54108,55.72013],[37.54189,55.71759],[37.54333,55.71562],[37.54594,55.71369],[37.54852,55.71226],[37.5529,55.71097],[37.55687,55.71034],[37.55923,55.71028],[37.561,55.71034],[37.5654,55.71076],[37.56961,55.71162],[37.57493,55.71312],[37.57761,55.71421],[37.57875,55.71478],[37.58208,55.71674],[37.58551,55.71934],[37.5903,55.72356],[37.59318,55.72626],[37.59468,55.72848],[37.5963,55.73104],[37.59803,55.73294],[37.60003,55.73459],[37.60267,55.73593],[37.60641,55.73784],[37.60674,55.73809],[37.60691,55.73835],[37.60714,55.73896],[37.60737,55.73974],[37.60764,55.74089],[37.60799,55.74197],[37.60812,55.74252],[37.60832,55.74312],[37.60851,55.74339],[37.60877,55.74368],[37.61011,55.74526],[37.61174,55.7465],[37.61229,55.7468],[37.61085,55.7485],[37.61082,55.7485],[37.61078,55.74855],[37.61073,55.74859],[37.61065,55.74863],[37.61057,55.74867],[37.61044,55.74871],[37.61027,55.74877],[37.61007,55.74883],[37.60951,55.749],[37.60886,55.7492],[37.60876,55.74918],[37.60865,55.74919],[37.60839,55.74926],[37.60797,55.74938],[37.60677,55.7497],[37.60666,55.74974],[37.60487,55.75024],[37.6043,55.75041],[37.60427,55.75036],[37.60426,55.75036],[37.60395,55.74994],[37.60354,55.74939],[37.60304,55.7487],[37.60302,55.74867],[37.60299,55.74864],[37.60296,55.74861],[37.60295,55.74859],[37.6029,55.74861],[37.60287,55.74863],[37.60282,55.74864],[37.60277,55.74865],[37.60239,55.74868],[37.60197,55.74872],[37.60118,55.74878],[37.60058,55.74883],[37.60047,55.74884],[37.59972,55.74889],[37.59936,55.74708],[37.59928,55.74709],[37.5992,55.7471],[37.59827,55.74729],[37.59779,55.74736],[37.59746,55.74742],[37.59742,55.74743],[37.59591,55.74768],[37.59509,55.7476],[37.59279,55.74735],[37.59234,55.7473],[37.59213,55.74728],[37.59155,55.74721],[37.59057,55.7471],[37.58846,55.74688],[37.58776,55.74681],[37.58769,55.74679],[37.58628,55.74641],[37.58591,55.74631],[37.58617,55.74593],[37.58651,55.74546],[37.58682,55.74501],[37.58688,55.74493],[37.58718,55.7445],[37.58746,55.74411],[37.58663,55.74403],[37.58642,55.744],[37.58516,55.74387],[37.58427,55.74378],[37.58422,55.74378],[37.58396,55.74374],[37.58381,55.74371],[37.58305,55.74546],[37.58286,55.74543],[37.58271,55.74542],[37.58258,55.74541],[37.58227,55.74543],[37.58202,55.74546],[37.58174,55.74551],[37.58074,55.74566],[37.58051,55.7457],[37.57997,55.7458],[37.57947,55.74585],[37.57688,55.74552],[37.57655,55.7455],[37.57614,55.7455],[37.57413,55.74545],[37.57389,55.74471],[37.57303,55.74369],[37.56833,55.73855],[37.56575,55.7364],[37.56363,55.7351],[37.55906,55.73307],[37.55303,55.72995],[37.54883,55.72842],[37.54779,55.72807],[37.54522,55.72719],[37.5449,55.72706],[37.54307,55.72557],[37.54186,55.72404],[37.54118,55.72206],[37.54108,55.72013]]]},"properties":{"description":"Хамовники","fill":"#ed4543","fill-opacity":0.6,"stroke":"#ed4543","stroke-width":"5","stroke-opacity":0.9}},{"type":"Feature","id":22,"geometry":{"type":"Polygon","coordinates":[[[37.54846,55.80664],[37.54944,55.8059],[37.54964,55.80574],[37.55091,55.80475],[37.55108,55.80462],[37.5537,55.80246],[37.55379,55.80239],[37.55388,55.80232],[37.55465,55.8017],[37.55512,55.80131],[37.55513,55.8013],[37.55535,55.80112],[37.5558,55.80073],[37.55673,55.79991],[37.55679,55.79983],[37.55694,55.79967],[37.5572,55.79933],[37.55725,55.79927],[37.55733,55.79919],[37.55799,55.79858],[37.55824,55.79836],[37.55859,55.79804],[37.55862,55.798],[37.55876,55.79787],[37.55917,55.79748],[37.55944,55.79723],[37.56003,55.79669],[37.56097,55.79582],[37.56108,55.79574],[37.56243,55.79463],[37.56333,55.7939],[37.56363,55.79372],[37.56381,55.79361],[37.56484,55.79324],[37.56504,55.79317],[37.56572,55.79291],[37.56686,55.79249],[37.56702,55.79242],[37.56753,55.79224],[37.56868,55.79183],[37.56919,55.79159],[37.56959,55.79143],[37.56992,55.79144],[37.57253,55.79157],[37.57454,55.79166],[37.58317,55.79213],[37.58393,55.79216],[37.58534,55.79281],[37.58647,55.79338],[37.58568,55.7939],[37.58495,55.79431],[37.58476,55.79444],[37.58468,55.79451],[37.58461,55.79458],[37.58454,55.79466],[37.58447,55.79475],[37.58441,55.79484],[37.58437,55.79494],[37.58433,55.79502],[37.58426,55.79526],[37.58423,55.79544],[37.58419,55.79585],[37.5842,55.79626],[37.58411,55.79721],[37.58397,55.79849],[37.58372,55.79993],[37.58351,55.80102],[37.58319,55.80238],[37.58284,55.80372],[37.58234,55.80552],[37.58178,55.80643],[37.5812,55.80737],[37.58065,55.80829],[37.5783,55.80791],[37.57586,55.80752],[37.57199,55.80684],[37.56597,55.80589],[37.5609,55.80513],[37.56006,55.80501],[37.55943,55.80494],[37.55838,55.80487],[37.55728,55.80488],[37.55585,55.80502],[37.55509,55.80514],[37.55447,55.80526],[37.55384,55.8054],[37.5534,55.80551],[37.55289,55.80564],[37.55227,55.80583],[37.55177,55.806],[37.55137,55.80614],[37.55109,55.80625],[37.55071,55.80642],[37.54983,55.80688],[37.54946,55.80708],[37.54936,55.80704],[37.54846,55.80664]]]},"properties":{"description":"Савёловский","fill":"#ed4543","fill-opacity":0.6,"stroke":"#ed4543","stroke-width":"5","stroke-opacity":0.9}},{"type":"Feature","id":23,"geometry":{"type":"Polygon","coordinates":[[[37.55226,55.68403],[37.5548,55.68254],[37.55556,55.68213],[37.55812,55.68066],[37.56198,55.67843],[37.56275,55.67802],[37.56299,55.67789],[37.56381,55.67761],[37.56852,55.676],[37.56942,55.67568],[37.57171,55.67488],[37.57809,55.67269],[37.57813,55.67273],[37.57836,55.67296],[37.57852,55.67312],[37.57897,55.67356],[37.57937,55.67395],[37.57939,55.67397],[37.57975,55.67432],[37.58031,55.67486],[37.58033,55.67503],[37.58031,55.67513],[37.5803,55.67516],[37.57963,55.67675],[37.57951,55.67691],[37.57968,55.67693],[37.58069,55.67727],[37.58187,55.67767],[37.58312,55.67809],[37.58383,55.67833],[37.58421,55.67846],[37.58551,55.6789],[37.58556,55.67892],[37.58594,55.67905],[37.58614,55.67915],[37.58628,55.67929],[37.58642,55.67949],[37.5867,55.67999],[37.58687,55.68012],[37.58748,55.6805],[37.58844,55.68134],[37.58886,55.68171],[37.58931,55.68212],[37.58951,55.68231],[37.58994,55.68268],[37.59044,55.68314],[37.59084,55.6835],[37.5915,55.6841],[37.59203,55.6846],[37.59209,55.68465],[37.59224,55.68479],[37.59303,55.68551],[37.59312,55.68559],[37.59355,55.68598],[37.5947,55.68704],[37.59529,55.68759],[37.59541,55.6877],[37.59563,55.68791],[37.59624,55.68853],[37.59652,55.68877],[37.59768,55.68985],[37.5981,55.69014],[37.59845,55.69035],[37.59891,55.69053],[37.59946,55.69074],[37.60028,55.69105],[37.60084,55.69127],[37.60149,55.69153],[37.60162,55.69158],[37.60131,55.69178],[37.60068,55.6922],[37.60007,55.69271],[37.5996,55.6931],[37.59922,55.69345],[37.59896,55.69367],[37.59806,55.6944],[37.59756,55.69485],[37.5971,55.69523],[37.59673,55.69557],[37.59625,55.69607],[37.59562,55.69678],[37.5949,55.69761],[37.59398,55.6987],[37.59296,55.69987],[37.59097,55.70219],[37.58984,55.70351],[37.58934,55.70408],[37.58902,55.70444],[37.58846,55.70508],[37.58808,55.70549],[37.58782,55.70578],[37.5875,55.70611],[37.58731,55.70634],[37.5868,55.70605],[37.58663,55.70596],[37.58626,55.70571],[37.58624,55.7057],[37.58513,55.70505],[37.58434,55.70461],[37.58362,55.7042],[37.58194,55.70326],[37.58155,55.70304],[37.58117,55.70282],[37.5805,55.70245],[37.58047,55.70243],[37.58027,55.70231],[37.58009,55.70222],[37.58007,55.70221],[37.57948,55.70187],[37.57902,55.70159],[37.57837,55.70123],[37.57756,55.70075],[37.57691,55.70038],[37.5757,55.6997],[37.57529,55.69946],[37.57504,55.69932],[37.57485,55.69921],[37.57473,55.69914],[37.57387,55.69865],[37.57213,55.69766],[37.57135,55.69721],[37.57126,55.69716],[37.57113,55.69708],[37.571,55.69701],[37.56924,55.69602],[37.56856,55.69564],[37.56831,55.6955],[37.56682,55.69466],[37.56673,55.69461],[37.56657,55.69453],[37.56645,55.69445],[37.5662,55.69431],[37.56499,55.69361],[37.56469,55.69345],[37.56425,55.6932],[37.56378,55.69294],[37.56303,55.69252],[37.56289,55.69244],[37.56253,55.69223],[37.56225,55.69206],[37.56216,55.692],[37.56206,55.69194],[37.56146,55.69156],[37.56136,55.69148],[37.56111,55.69129],[37.56076,55.69102],[37.55792,55.68866],[37.55762,55.6884],[37.55668,55.68763],[37.55635,55.68736],[37.55624,55.68727],[37.55598,55.68706],[37.55558,55.68672],[37.55547,55.68662],[37.55491,55.68616],[37.55425,55.68561],[37.55417,55.68555],[37.5541,55.68549],[37.55353,55.68504],[37.55265,55.68435],[37.55261,55.68432],[37.55256,55.68428],[37.55232,55.68408],[37.55226,55.68403]]]},"properties":{"description":"Академический","fill":"#ed4543","fill-opacity":0.6,"stroke":"#ed4543","stroke-width":"5","stroke-opacity":0.9}},{"type":"Feature","id":24,"geometry":{"type":"Polygon","coordinates":[[[37.57377,55.84848],[37.5739,55.8481],[37.57444,55.84657],[37.57495,55.84509],[37.5754,55.84393],[37.57562,55.84358],[37.57602,55.84309],[37.57766,55.84143],[37.57797,55.84102],[37.57822,55.84062],[37.57849,55.84004],[37.57867,55.83944],[37.57872,55.83903],[37.57874,55.83861],[37.57864,55.83791],[37.57855,55.83759],[37.57837,55.83714],[37.57815,55.83679],[37.57782,55.8363],[37.57745,55.83589],[37.57682,55.83535],[37.57629,55.83495],[37.57611,55.8348],[37.57714,55.83412],[37.57937,55.83256],[37.58059,55.83173],[37.58209,55.8309],[37.58453,55.8297],[37.58589,55.82889],[37.58909,55.82659],[37.60118,55.81881],[37.60369,55.81718],[37.60364,55.81806],[37.60355,55.8181],[37.60345,55.81877],[37.60295,55.82132],[37.60292,55.82143],[37.6029,55.82152],[37.60286,55.82173],[37.60282,55.8219],[37.60281,55.82195],[37.6028,55.82201],[37.60246,55.82369],[37.60245,55.82376],[37.60242,55.82386],[37.60223,55.82474],[37.60221,55.82484],[37.60219,55.82493],[37.60219,55.82497],[37.60216,55.82513],[37.6018,55.82693],[37.60164,55.82775],[37.60149,55.8285],[37.60127,55.82953],[37.60122,55.82968],[37.60118,55.82975],[37.60114,55.82984],[37.60091,55.83019],[37.60089,55.83023],[37.60085,55.83029],[37.60071,55.8305],[37.60055,55.83068],[37.60047,55.83074],[37.59647,55.83281],[37.59534,55.83342],[37.59261,55.83507],[37.59093,55.8361],[37.5908,55.83606],[37.59083,55.83583],[37.59088,55.83564],[37.5908,55.83559],[37.5913,55.83418],[37.59139,55.83412],[37.59156,55.83363],[37.58646,55.83296],[37.58224,55.83373],[37.58042,55.83384],[37.58043,55.83753],[37.58048,55.83882],[37.58052,55.83891],[37.58127,55.83881],[37.58209,55.83831],[37.5859,55.84017],[37.58711,55.83949],[37.58745,55.83957],[37.58775,55.8392],[37.58845,55.83936],[37.58874,55.83888],[37.58923,55.83895],[37.58937,55.83897],[37.58949,55.83899],[37.58919,55.8396],[37.58892,55.84008],[37.58703,55.84223],[37.58692,55.84235],[37.58686,55.84282],[37.58675,55.84296],[37.58633,55.84354],[37.587,55.84371],[37.58717,55.84483],[37.58834,55.84483],[37.59021,55.84483],[37.59084,55.84543],[37.59047,55.84564],[37.59144,55.84603],[37.59257,55.84631],[37.5926,55.84712],[37.59282,55.84731],[37.59151,55.84736],[37.58483,55.84761],[37.58202,55.84773],[37.58005,55.8478],[37.57745,55.84791],[37.57663,55.84799],[37.57562,55.84815],[37.57377,55.84848]]]},"properties":{"description":"Марфино","fill":"#ed4543","fill-opacity":0.6,"stroke":"#ed4543","stroke-width":"5","stroke-opacity":0.9}},{"type":"Feature","id":25,"geometry":{"type":"Polygon","coordinates":[[[37.57206,55.75202],[37.57303,55.75147],[37.57402,55.75034],[37.57449,55.74886],[37.57445,55.74633],[37.57413,55.74545],[37.57614,55.7455],[37.57655,55.7455],[37.57688,55.74552],[37.57947,55.74585],[37.57997,55.7458],[37.58051,55.7457],[37.58074,55.74566],[37.58174,55.74551],[37.58202,55.74546],[37.58227,55.74543],[37.58258,55.74541],[37.58271,55.74542],[37.58286,55.74543],[37.58305,55.74546],[37.58381,55.74371],[37.58396,55.74374],[37.58422,55.74378],[37.58427,55.74378],[37.58516,55.74387],[37.58642,55.744],[37.58663,55.74403],[37.58746,55.74411],[37.58718,55.7445],[37.58688,55.74493],[37.58682,55.74501],[37.58651,55.74546],[37.58617,55.74593],[37.58591,55.74631],[37.58628,55.74641],[37.58769,55.74679],[37.58776,55.74681],[37.58846,55.74688],[37.59057,55.7471],[37.59155,55.74721],[37.59213,55.74728],[37.59234,55.7473],[37.59279,55.74735],[37.59509,55.7476],[37.59591,55.74768],[37.59742,55.74743],[37.59746,55.74742],[37.59779,55.74736],[37.59827,55.74729],[37.5992,55.7471],[37.59928,55.74709],[37.59936,55.74708],[37.59972,55.74889],[37.60047,55.74884],[37.60058,55.74883],[37.60118,55.74878],[37.60197,55.74872],[37.60239,55.74868],[37.60277,55.74865],[37.60282,55.74864],[37.60287,55.74863],[37.6029,55.74861],[37.60295,55.74859],[37.60296,55.74861],[37.60299,55.74864],[37.60302,55.74867],[37.60304,55.7487],[37.60354,55.74939],[37.60395,55.74994],[37.60426,55.75036],[37.60427,55.75036],[37.6043,55.75041],[37.60487,55.75024],[37.60666,55.74974],[37.60677,55.7497],[37.60797,55.74938],[37.60839,55.74926],[37.60854,55.74924],[37.6086,55.74923],[37.60866,55.74922],[37.60874,55.74922],[37.60882,55.74923],[37.60886,55.74927],[37.60889,55.74931],[37.609,55.74949],[37.60912,55.74964],[37.60918,55.74971],[37.60938,55.74995],[37.6094,55.75],[37.60971,55.75059],[37.60986,55.75086],[37.60988,55.7509],[37.61029,55.75156],[37.61054,55.75195],[37.6109,55.75243],[37.61114,55.75266],[37.61131,55.75295],[37.61179,55.75386],[37.61203,55.75433],[37.61212,55.75449],[37.61221,55.75459],[37.61188,55.7547],[37.61043,55.75516],[37.60954,55.75544],[37.60891,55.75564],[37.60883,55.75567],[37.60868,55.75572],[37.6074,55.75615],[37.60734,55.75608],[37.60689,55.7556],[37.60682,55.75552],[37.6066,55.75524],[37.60652,55.75509],[37.60638,55.7548],[37.60635,55.75475],[37.60622,55.75449],[37.60619,55.75442],[37.60613,55.75428],[37.60608,55.75417],[37.60607,55.75416],[37.60602,55.75403],[37.6059,55.75405],[37.60547,55.75409],[37.60521,55.75412],[37.60508,55.75413],[37.60457,55.75418],[37.60424,55.75422],[37.60377,55.75416],[37.60359,55.75411],[37.60345,55.75407],[37.60311,55.75396],[37.60281,55.75383],[37.60269,55.75377],[37.6026,55.75372],[37.60248,55.75365],[37.60237,55.75359],[37.60234,55.75372],[37.60233,55.75376],[37.60232,55.75379],[37.60131,55.75375],[37.60029,55.754],[37.59943,55.75404],[37.59918,55.75427],[37.59779,55.75453],[37.59722,55.75467],[37.59696,55.75474],[37.59308,55.75579],[37.5896,55.7567],[37.58931,55.75644],[37.58926,55.7564],[37.58826,55.75679],[37.588,55.7569],[37.58715,55.75724],[37.58629,55.75758],[37.58626,55.75759],[37.58534,55.75793],[37.58524,55.75798],[37.58504,55.75806],[37.58446,55.75811],[37.58439,55.75786],[37.58435,55.75765],[37.5843,55.75741],[37.58427,55.75724],[37.58404,55.75608],[37.58386,55.7552],[37.58338,55.75523],[37.58321,55.75523],[37.58063,55.75521],[37.57941,55.7552],[37.57859,55.7552],[37.57738,55.75518],[37.57717,55.75518],[37.57692,55.7552],[37.57681,55.75521],[37.57662,55.75499],[37.57651,55.75487],[37.57628,55.75463],[37.57505,55.75335],[37.57396,55.75256],[37.57206,55.75202]]]},"properties":{"description":"Арбат","fill":"#ed4543","fill-opacity":0.6,"stroke":"#ed4543","stroke-width":"5","stroke-opacity":0.9}},{"type":"Feature","id":26,"geometry":{"type":"Polygon","coordinates":[[[37.57357,55.83132],[37.57358,55.83058],[37.57395,55.8228],[37.57402,55.82239],[37.57414,55.82196],[37.57431,55.82153],[37.57455,55.82112],[37.57569,55.81959],[37.57754,55.81712],[37.57782,55.81664],[37.57806,55.81605],[37.57868,55.81314],[37.57883,55.81262],[37.57904,55.81219],[37.57914,55.81202],[37.57931,55.81181],[37.57961,55.81148],[37.58043,55.81085],[37.58105,55.81051],[37.58364,55.80931],[37.5844,55.80889],[37.58473,55.80868],[37.58434,55.80869],[37.58314,55.80862],[37.58065,55.80829],[37.5812,55.80737],[37.58178,55.80643],[37.58234,55.80552],[37.58284,55.80372],[37.58319,55.80238],[37.58351,55.80102],[37.58372,55.79993],[37.58397,55.79849],[37.58411,55.79721],[37.5842,55.79626],[37.58419,55.79585],[37.58423,55.79544],[37.58426,55.79526],[37.58433,55.79502],[37.58437,55.79494],[37.58441,55.79484],[37.58447,55.79475],[37.58454,55.79466],[37.58461,55.79458],[37.58468,55.79451],[37.58476,55.79444],[37.58495,55.79431],[37.58568,55.7939],[37.58647,55.79338],[37.58774,55.79258],[37.58806,55.79256],[37.5881,55.79254],[37.58813,55.79253],[37.58817,55.79252],[37.58822,55.79251],[37.58886,55.79242],[37.58919,55.79315],[37.58977,55.79381],[37.59078,55.79487],[37.59207,55.7961],[37.59281,55.79665],[37.59371,55.79724],[37.59445,55.79767],[37.5952,55.79809],[37.59622,55.79855],[37.59635,55.79864],[37.59635,55.79866],[37.59633,55.79868],[37.59625,55.79876],[37.59624,55.79893],[37.5963,55.79961],[37.59637,55.79989],[37.59633,55.8011],[37.59604,55.80256],[37.59578,55.80308],[37.59557,55.80432],[37.59557,55.80436],[37.59535,55.80524],[37.59535,55.80527],[37.59612,55.80528],[37.59692,55.80557],[37.59974,55.8066],[37.60149,55.80683],[37.6093,55.80905],[37.61337,55.81084],[37.61088,55.8125],[37.61031,55.81291],[37.60471,55.81652],[37.60369,55.81718],[37.60118,55.81881],[37.58909,55.82659],[37.58589,55.82889],[37.58453,55.8297],[37.58209,55.8309],[37.58059,55.83173],[37.57937,55.83256],[37.57714,55.83412],[37.57611,55.8348],[37.57597,55.8347],[37.57508,55.83398],[37.57444,55.8333],[37.57415,55.83286],[37.57389,55.83239],[37.57376,55.83209],[37.57365,55.83172],[37.57357,55.83132]]]},"properties":{"description":"Бутырский","fill":"#ed4543","fill-opacity":0.6,"stroke":"#ed4543","stroke-width":"5","stroke-opacity":0.9}},{"type":"Feature","id":27,"geometry":{"type":"Polygon","coordinates":[[[37.57523,55.77552],[37.57622,55.77375],[37.57641,55.77378],[37.57704,55.77322],[37.57711,55.77316],[37.57851,55.77365],[37.57868,55.77371],[37.5789,55.77378],[37.57915,55.77387],[37.57992,55.77413],[37.58105,55.7745],[37.58305,55.77514],[37.58319,55.77519],[37.58322,55.7752],[37.58325,55.77522],[37.58327,55.77524],[37.58329,55.77525],[37.58334,55.7753],[37.58334,55.77527],[37.58335,55.77524],[37.58337,55.77522],[37.58339,55.77519],[37.58342,55.77517],[37.58345,55.77515],[37.58352,55.7751],[37.58376,55.77496],[37.58411,55.77475],[37.5845,55.77452],[37.58495,55.77426],[37.58567,55.77383],[37.58619,55.77353],[37.58633,55.77345],[37.58654,55.77333],[37.5869,55.77312],[37.58708,55.77302],[37.58717,55.77296],[37.58733,55.77287],[37.58767,55.77268],[37.58782,55.77259],[37.58811,55.77242],[37.58818,55.77239],[37.5882,55.77237],[37.58857,55.77215],[37.58872,55.77207],[37.58884,55.772],[37.58982,55.77143],[37.58996,55.77135],[37.59011,55.77126],[37.59046,55.77106],[37.5914,55.77052],[37.59201,55.77015],[37.59214,55.77009],[37.59225,55.77003],[37.59279,55.7697],[37.5932,55.76947],[37.59366,55.76919],[37.59385,55.76908],[37.59397,55.769],[37.59413,55.76891],[37.59426,55.76883],[37.59434,55.76878],[37.59436,55.76877],[37.59437,55.76875],[37.59437,55.76874],[37.59437,55.76872],[37.59437,55.7687],[37.59437,55.76869],[37.59436,55.76867],[37.59435,55.76865],[37.59488,55.76825],[37.59543,55.76792],[37.59578,55.7681],[37.59621,55.76783],[37.59659,55.7676],[37.59623,55.76738],[37.59572,55.76709],[37.59575,55.76706],[37.59522,55.76686],[37.59547,55.76667],[37.59541,55.76662],[37.59559,55.76649],[37.59583,55.76642],[37.596,55.76631],[37.59621,55.76616],[37.59676,55.76579],[37.59707,55.76558],[37.59805,55.76491],[37.59835,55.76472],[37.59877,55.76444],[37.59899,55.76429],[37.60055,55.76487],[37.60062,55.76488],[37.60067,55.76486],[37.60111,55.76465],[37.60135,55.76455],[37.60184,55.76431],[37.60203,55.76421],[37.60251,55.76398],[37.60262,55.76393],[37.60271,55.76389],[37.60335,55.76358],[37.60351,55.76351],[37.60424,55.7632],[37.60371,55.76264],[37.60444,55.76243],[37.60452,55.7625],[37.60495,55.76217],[37.60511,55.76205],[37.60534,55.76187],[37.60539,55.76182],[37.606,55.76142],[37.60613,55.76132],[37.60621,55.76127],[37.60611,55.7612],[37.60605,55.76116],[37.60586,55.76103],[37.60564,55.76089],[37.60564,55.76089],[37.6057,55.76085],[37.60594,55.76074],[37.60595,55.76067],[37.60661,55.76038],[37.60662,55.76038],[37.6067,55.76044],[37.60678,55.76053],[37.60694,55.76045],[37.60695,55.76045],[37.60714,55.76033],[37.60749,55.76013],[37.60757,55.76009],[37.60764,55.76004],[37.60778,55.75995],[37.60806,55.75975],[37.60898,55.75907],[37.60947,55.75861],[37.60927,55.7585],[37.60967,55.75829],[37.60967,55.75827],[37.60941,55.7581],[37.60908,55.75788],[37.60894,55.75779],[37.6088,55.75769],[37.60841,55.75737],[37.60807,55.75709],[37.6075,55.75663],[37.60725,55.75642],[37.60712,55.75632],[37.60704,55.75625],[37.60725,55.7562],[37.60733,55.75617],[37.6074,55.75615],[37.60868,55.75572],[37.60883,55.75567],[37.60891,55.75564],[37.60954,55.75544],[37.61043,55.75516],[37.61188,55.7547],[37.61221,55.75459],[37.61212,55.75449],[37.61203,55.75433],[37.61179,55.75386],[37.61131,55.75295],[37.61114,55.75266],[37.6109,55.75243],[37.61054,55.75195],[37.61029,55.75156],[37.60988,55.7509],[37.60986,55.75086],[37.60971,55.75059],[37.6094,55.75],[37.60938,55.74995],[37.60918,55.74971],[37.60912,55.74964],[37.609,55.74949],[37.60889,55.74931],[37.60886,55.74927],[37.60882,55.74923],[37.60874,55.74922],[37.60866,55.74922],[37.6086,55.74923],[37.60854,55.74924],[37.60839,55.74926],[37.60865,55.74919],[37.60876,55.74918],[37.60886,55.7492],[37.60951,55.749],[37.61007,55.74883],[37.61027,55.74877],[37.61044,55.74871],[37.61057,55.74867],[37.61065,55.74863],[37.61073,55.74859],[37.61078,55.74855],[37.61082,55.7485],[37.61085,55.7485],[37.61229,55.7468],[37.61331,55.74717],[37.61388,55.74734],[37.61451,55.74754],[37.61698,55.74818],[37.61764,55.74831],[37.62,55.74867],[37.62136,55.74882],[37.62327,55.74897],[37.62408,55.74904],[37.62506,55.74908],[37.62676,55.74915],[37.63114,55.74903],[37.63211,55.74885],[37.63237,55.74952],[37.63239,55.74961],[37.63245,55.74981],[37.63254,55.75027],[37.63306,55.7518],[37.6332,55.7522],[37.63332,55.75257],[37.63347,55.75306],[37.63352,55.75323],[37.63369,55.75343],[37.63392,55.75353],[37.63457,55.75365],[37.63483,55.7537],[37.63496,55.7538],[37.635,55.7539],[37.63493,55.75394],[37.63488,55.75399],[37.63483,55.75406],[37.63482,55.75409],[37.63476,55.7542],[37.63464,55.75443],[37.63461,55.75447],[37.63456,55.75455],[37.63443,55.7547],[37.63432,55.75486],[37.63419,55.75499],[37.63398,55.75517],[37.63363,55.75545],[37.63331,55.75572],[37.63284,55.75609],[37.63244,55.75637],[37.63205,55.7567],[37.63147,55.75718],[37.63067,55.75759],[37.6306,55.75762],[37.63007,55.75792],[37.62978,55.75813],[37.62942,55.7584],[37.62904,55.75868],[37.6289,55.75878],[37.62879,55.75886],[37.62797,55.75948],[37.6279,55.75954],[37.62807,55.75961],[37.62826,55.75968],[37.62847,55.75974],[37.62866,55.75978],[37.62894,55.75984],[37.62834,55.75983],[37.62781,55.75992],[37.62667,55.76054],[37.6266,55.76047],[37.62618,55.75998],[37.62612,55.75991],[37.62601,55.75984],[37.62591,55.75979],[37.62578,55.75975],[37.6248,55.75955],[37.6238,55.75943],[37.62278,55.75931],[37.62271,55.75929],[37.62155,55.75912],[37.62145,55.7593],[37.62093,55.7603],[37.62058,55.76095],[37.62048,55.76114],[37.6202,55.7616],[37.62015,55.7617],[37.62015,55.76174],[37.62009,55.76373],[37.62007,55.76412],[37.62006,55.76476],[37.62022,55.7651],[37.61986,55.7652],[37.62022,55.76558],[37.62144,55.76688],[37.62153,55.76697],[37.62145,55.76699],[37.62137,55.76703],[37.62132,55.76709],[37.62126,55.76718],[37.62114,55.76736],[37.62112,55.76742],[37.62112,55.76748],[37.62111,55.76784],[37.6211,55.76826],[37.62107,55.77025],[37.62107,55.77032],[37.62107,55.77088],[37.62106,55.77142],[37.62106,55.77189],[37.62105,55.77225],[37.62104,55.77252],[37.62102,55.77294],[37.62102,55.77319],[37.621,55.77341],[37.62097,55.77347],[37.62094,55.77351],[37.62079,55.77366],[37.61894,55.77361],[37.61892,55.77384],[37.61892,55.7739],[37.6189,55.77403],[37.61881,55.77467],[37.61867,55.77555],[37.61867,55.77559],[37.61859,55.77605],[37.61854,55.77627],[37.6185,55.77643],[37.61812,55.77746],[37.61787,55.77808],[37.61774,55.77847],[37.61771,55.77857],[37.61735,55.77954],[37.61705,55.7803],[37.61694,55.78036],[37.61628,55.78073],[37.61597,55.78092],[37.61567,55.78112],[37.61552,55.78121],[37.61542,55.78127],[37.6153,55.78134],[37.61507,55.78148],[37.61493,55.78161],[37.6149,55.78173],[37.61491,55.78184],[37.6147,55.78183],[37.61441,55.78186],[37.61395,55.782],[37.61225,55.78259],[37.61187,55.78272],[37.61149,55.78284],[37.61139,55.78288],[37.6113,55.7829],[37.61093,55.78302],[37.61037,55.7832],[37.6102,55.78325],[37.60975,55.78339],[37.6093,55.78354],[37.60806,55.78396],[37.60791,55.78401],[37.60733,55.78421],[37.60711,55.78428],[37.60679,55.78439],[37.60675,55.7844],[37.60663,55.78445],[37.60632,55.78457],[37.606,55.78469],[37.60568,55.78483],[37.60545,55.78493],[37.60468,55.78529],[37.60453,55.78533],[37.60434,55.78535],[37.60388,55.78531],[37.60374,55.7853],[37.60358,55.78529],[37.60286,55.78523],[37.60269,55.78522],[37.60216,55.78518],[37.60204,55.78517],[37.60189,55.78516],[37.60171,55.78514],[37.60166,55.78527],[37.60166,55.78529],[37.6016,55.78546],[37.60152,55.78569],[37.60119,55.78658],[37.60113,55.78672],[37.60088,55.78733],[37.60077,55.7876],[37.60068,55.78782],[37.60061,55.78803],[37.60042,55.78861],[37.60037,55.78874],[37.60015,55.7894],[37.60012,55.7895],[37.5999,55.79031],[37.59976,55.79082],[37.59931,55.79229],[37.59928,55.79238],[37.59925,55.79248],[37.59566,55.79222],[37.59439,55.79234],[37.59363,55.79242],[37.5928,55.79245],[37.59226,55.79244],[37.59167,55.79245],[37.59017,55.79243],[37.59003,55.79243],[37.58993,55.79242],[37.58944,55.79238],[37.58936,55.79238],[37.58927,55.79237],[37.5892,55.79238],[37.58912,55.79238],[37.58886,55.79242],[37.58822,55.79251],[37.58817,55.79252],[37.58813,55.79253],[37.5881,55.79254],[37.58806,55.79256],[37.58774,55.79258],[37.58817,55.7923],[37.58858,55.792],[37.58844,55.79161],[37.58827,55.79118],[37.58814,55.79075],[37.58801,55.79024],[37.58787,55.78971],[37.58768,55.78864],[37.58756,55.78806],[37.58742,55.78748],[37.58699,55.78595],[37.58691,55.78568],[37.58684,55.78542],[37.58679,55.78519],[37.58656,55.78439],[37.58644,55.78398],[37.58639,55.78378],[37.58634,55.78358],[37.58624,55.78325],[37.58612,55.78289],[37.58607,55.7827],[37.58596,55.78238],[37.58585,55.78206],[37.58567,55.78161],[37.58544,55.78102],[37.5852,55.78048],[37.58511,55.78034],[37.58499,55.78015],[37.58479,55.77987],[37.58457,55.77968],[37.58406,55.77927],[37.58391,55.77916],[37.58378,55.77906],[37.58342,55.77882],[37.58325,55.77871],[37.58307,55.7786],[37.58266,55.77837],[37.58256,55.77831],[37.58246,55.77825],[37.58224,55.77811],[37.58202,55.77797],[37.58182,55.77783],[37.58145,55.77762],[37.58131,55.77754],[37.5811,55.77743],[37.57999,55.77693],[37.5781,55.77615],[37.57746,55.77594],[37.57673,55.77575],[37.57599,55.77561],[37.57523,55.77552]]]},"properties":{"description":"Тверской","fill":"#ed4543","fill-opacity":0.6,"stroke":"#ed4543","stroke-width":"5","stroke-opacity":0.9}},{"type":"Feature","id":28,"geometry":{"type":"Polygon","coordinates":[[[37.57761,55.71421],[37.57942,55.71296],[37.58164,55.71135],[37.58213,55.711],[37.58277,55.71125],[37.58398,55.71103],[37.58517,55.71124],[37.58523,55.71122],[37.58538,55.71116],[37.58557,55.71107],[37.58834,55.7131],[37.5879,55.71331],[37.58792,55.71332],[37.58845,55.71376],[37.58798,55.71394],[37.58995,55.71534],[37.5905,55.71575],[37.59069,55.71569],[37.59172,55.71645],[37.59191,55.71638],[37.59267,55.71687],[37.59258,55.71697],[37.59254,55.71695],[37.59247,55.717],[37.5925,55.71702],[37.59167,55.71746],[37.59079,55.71781],[37.5908,55.71787],[37.59139,55.71835],[37.59143,55.71839],[37.59213,55.71883],[37.59223,55.71943],[37.59271,55.71969],[37.59275,55.71967],[37.59282,55.71965],[37.59297,55.71958],[37.59262,55.71941],[37.59256,55.71915],[37.59408,55.71833],[37.59566,55.71936],[37.59599,55.71956],[37.5968,55.72009],[37.59686,55.72013],[37.59724,55.71996],[37.59749,55.72014],[37.59813,55.71985],[37.60038,55.72135],[37.60047,55.72131],[37.6007,55.72126],[37.60144,55.72106],[37.60149,55.72105],[37.60181,55.72098],[37.60227,55.72089],[37.60343,55.72064],[37.60517,55.72028],[37.60531,55.72025],[37.60542,55.72023],[37.60727,55.71988],[37.60905,55.71955],[37.6094,55.71948],[37.60977,55.72039],[37.61017,55.72143],[37.61114,55.72135],[37.612,55.72127],[37.61417,55.72109],[37.61441,55.721],[37.61504,55.72056],[37.61557,55.72009],[37.61567,55.7201],[37.61696,55.72021],[37.61755,55.72026],[37.61777,55.72028],[37.61774,55.72038],[37.61763,55.72069],[37.6174,55.72137],[37.61691,55.72282],[37.61687,55.72296],[37.61672,55.7234],[37.61582,55.72532],[37.61513,55.72688],[37.61761,55.72708],[37.61975,55.72728],[37.61991,55.7273],[37.6199,55.72739],[37.61988,55.72763],[37.61976,55.72843],[37.61971,55.7288],[37.61966,55.72911],[37.61964,55.72917],[37.61961,55.72924],[37.6199,55.72927],[37.61996,55.72928],[37.62097,55.7294],[37.62143,55.72945],[37.62236,55.72956],[37.6226,55.72958],[37.62281,55.72957],[37.62297,55.72955],[37.62309,55.72952],[37.62318,55.72948],[37.6232,55.72946],[37.62331,55.72966],[37.62344,55.72967],[37.62354,55.72975],[37.62352,55.72983],[37.62349,55.72986],[37.62346,55.72987],[37.62345,55.73],[37.62357,55.73003],[37.62385,55.73011],[37.62388,55.7301],[37.62395,55.73009],[37.62399,55.7302],[37.62425,55.73169],[37.62434,55.73263],[37.62435,55.73276],[37.62435,55.7328],[37.62438,55.73317],[37.62442,55.73384],[37.62443,55.73418],[37.62441,55.73451],[37.6244,55.73501],[37.6244,55.73511],[37.62438,55.73649],[37.62438,55.73654],[37.62439,55.73659],[37.62456,55.73931],[37.6246,55.73972],[37.62476,55.74046],[37.62476,55.74049],[37.62487,55.74097],[37.62488,55.74104],[37.62497,55.74161],[37.625,55.74197],[37.62501,55.7424],[37.62498,55.74275],[37.62487,55.74391],[37.62483,55.7442],[37.62459,55.74501],[37.62457,55.7452],[37.62455,55.74543],[37.62466,55.74568],[37.6247,55.74578],[37.62493,55.74581],[37.62513,55.74584],[37.62635,55.746],[37.62605,55.74651],[37.62593,55.74688],[37.62565,55.74783],[37.62539,55.74816],[37.62513,55.74851],[37.62513,55.74859],[37.62512,55.74863],[37.62506,55.74908],[37.62408,55.74904],[37.62327,55.74897],[37.62136,55.74882],[37.62,55.74867],[37.61764,55.74831],[37.61698,55.74818],[37.61451,55.74754],[37.61388,55.74734],[37.61331,55.74717],[37.61229,55.7468],[37.61174,55.7465],[37.61011,55.74526],[37.60877,55.74368],[37.60851,55.74339],[37.60832,55.74312],[37.60812,55.74252],[37.60799,55.74197],[37.60764,55.74089],[37.60737,55.73974],[37.60714,55.73896],[37.60691,55.73835],[37.60674,55.73809],[37.60641,55.73784],[37.60267,55.73593],[37.60003,55.73459],[37.59803,55.73294],[37.5963,55.73104],[37.59468,55.72848],[37.59318,55.72626],[37.5903,55.72356],[37.58551,55.71934],[37.58208,55.71674],[37.57875,55.71478],[37.57761,55.71421]]]},"properties":{"description":"Якиманка","fill":"#ed4543","fill-opacity":0.6,"stroke":"#ed4543","stroke-width":"5","stroke-opacity":0.9}},{"type":"Feature","id":29,"geometry":{"type":"Polygon","coordinates":[[[37.57809,55.67269],[37.57998,55.67205],[37.58185,55.67141],[37.58563,55.6701],[37.58446,55.66902],[37.58325,55.6679],[37.58125,55.66603],[37.58539,55.6656],[37.59316,55.6655],[37.59677,55.66628],[37.59803,55.66586],[37.59972,55.66528],[37.60138,55.66479],[37.60243,55.66463],[37.60765,55.66408],[37.60771,55.66428],[37.60812,55.66447],[37.60909,55.66512],[37.6097,55.66522],[37.61064,55.66496],[37.61092,55.6653],[37.611,55.66539],[37.6111,55.66551],[37.61164,55.66613],[37.60685,55.66828],[37.60628,55.66886],[37.6061,55.67039],[37.60623,55.6717],[37.60565,55.67206],[37.60593,55.67245],[37.60584,55.67285],[37.6061,55.67322],[37.60691,55.67387],[37.60728,55.67417],[37.60737,55.67449],[37.60738,55.67467],[37.60774,55.67471],[37.6081,55.67496],[37.60838,55.67523],[37.60875,55.67542],[37.60889,55.67556],[37.60893,55.67592],[37.60912,55.67641],[37.60925,55.67644],[37.60938,55.67649],[37.60951,55.67656],[37.60986,55.67667],[37.61003,55.67683],[37.61018,55.67697],[37.61048,55.67707],[37.6109,55.67714],[37.61129,55.67722],[37.61142,55.67732],[37.61152,55.67752],[37.61154,55.67791],[37.61151,55.6781],[37.61148,55.67833],[37.61171,55.67861],[37.61201,55.67881],[37.61236,55.67896],[37.61267,55.67927],[37.61322,55.67965],[37.61378,55.67999],[37.61415,55.68038],[37.61453,55.68092],[37.6147,55.6816],[37.61494,55.68177],[37.61532,55.68189],[37.61588,55.68188],[37.61604,55.68191],[37.61622,55.68214],[37.61678,55.68286],[37.61734,55.68333],[37.61833,55.68367],[37.619,55.68432],[37.61838,55.6845],[37.617,55.68477],[37.6152,55.68473],[37.61421,55.68459],[37.61316,55.68438],[37.6126,55.68428],[37.61208,55.68418],[37.61138,55.68407],[37.61065,55.68397],[37.60991,55.68388],[37.60934,55.68387],[37.60902,55.68387],[37.60861,55.68389],[37.60812,55.68395],[37.60762,55.68406],[37.60717,55.6842],[37.60675,55.68436],[37.60643,55.68451],[37.606,55.68475],[37.60571,55.68496],[37.60548,55.68519],[37.60527,55.68542],[37.60502,55.6858],[37.60495,55.68605],[37.60491,55.68633],[37.60493,55.68666],[37.60498,55.68698],[37.60509,55.68732],[37.60522,55.68772],[37.60529,55.68807],[37.60529,55.68845],[37.60524,55.68881],[37.60517,55.68901],[37.6051,55.68915],[37.60474,55.68956],[37.60449,55.6898],[37.60401,55.69007],[37.60351,55.69035],[37.60374,55.69052],[37.60379,55.69063],[37.60327,55.69086],[37.60261,55.69122],[37.60198,55.69154],[37.60162,55.69158],[37.60149,55.69153],[37.60084,55.69127],[37.60028,55.69105],[37.59946,55.69074],[37.59891,55.69053],[37.59845,55.69035],[37.5981,55.69014],[37.59768,55.68985],[37.59652,55.68877],[37.59624,55.68853],[37.59563,55.68791],[37.59541,55.6877],[37.59529,55.68759],[37.5947,55.68704],[37.59355,55.68598],[37.59312,55.68559],[37.59303,55.68551],[37.59224,55.68479],[37.59209,55.68465],[37.59203,55.6846],[37.5915,55.6841],[37.59084,55.6835],[37.59044,55.68314],[37.58994,55.68268],[37.58951,55.68231],[37.58931,55.68212],[37.58886,55.68171],[37.58844,55.68134],[37.58748,55.6805],[37.58687,55.68012],[37.5867,55.67999],[37.58642,55.67949],[37.58628,55.67929],[37.58614,55.67915],[37.58594,55.67905],[37.58556,55.67892],[37.58551,55.6789],[37.58421,55.67846],[37.58383,55.67833],[37.58312,55.67809],[37.58187,55.67767],[37.58069,55.67727],[37.57968,55.67693],[37.57951,55.67691],[37.57963,55.67675],[37.5803,55.67516],[37.58031,55.67513],[37.58033,55.67503],[37.58031,55.67486],[37.57975,55.67432],[37.57939,55.67397],[37.57937,55.67395],[37.57897,55.67356],[37.57852,55.67312],[37.57836,55.67296],[37.57813,55.67273],[37.57809,55.67269]]]},"properties":{"description":"Котловка","fill":"#ed4543","fill-opacity":0.6,"stroke":"#ed4543","stroke-width":"5","stroke-opacity":0.9}},{"type":"Feature","id":30,"geometry":{"type":"Polygon","coordinates":[[[37.58042,55.83384],[37.58224,55.83373],[37.58646,55.83296],[37.59156,55.83363],[37.59139,55.83412],[37.5913,55.83418],[37.5908,55.83559],[37.59088,55.83564],[37.59083,55.83583],[37.5908,55.83606],[37.59093,55.8361],[37.59261,55.83507],[37.59534,55.83342],[37.59647,55.83281],[37.60047,55.83074],[37.60055,55.83068],[37.60071,55.8305],[37.60085,55.83029],[37.60089,55.83023],[37.60091,55.83019],[37.60114,55.82984],[37.60118,55.82975],[37.60122,55.82968],[37.60127,55.82953],[37.60149,55.8285],[37.60164,55.82775],[37.6018,55.82693],[37.60216,55.82513],[37.60219,55.82497],[37.60219,55.82493],[37.60221,55.82484],[37.60223,55.82474],[37.60242,55.82386],[37.60245,55.82376],[37.60246,55.82369],[37.6028,55.82201],[37.60281,55.82195],[37.60282,55.8219],[37.60286,55.82173],[37.6029,55.82152],[37.60292,55.82143],[37.60295,55.82132],[37.60345,55.81877],[37.60355,55.8181],[37.60364,55.81806],[37.60369,55.81718],[37.60471,55.81652],[37.61031,55.81291],[37.61088,55.8125],[37.61337,55.81084],[37.61457,55.81007],[37.63376,55.7977],[37.63446,55.79725],[37.63494,55.79695],[37.63499,55.79714],[37.63552,55.79965],[37.63592,55.80134],[37.63654,55.80471],[37.63679,55.80599],[37.63726,55.8085],[37.63731,55.80889],[37.63739,55.81006],[37.63745,55.81071],[37.63756,55.81138],[37.63795,55.813],[37.63821,55.81418],[37.63845,55.81539],[37.63864,55.81645],[37.63886,55.81754],[37.63907,55.81807],[37.6393,55.81859],[37.63956,55.819],[37.64,55.81956],[37.64049,55.82009],[37.64395,55.8234],[37.64506,55.82443],[37.64712,55.82638],[37.64778,55.82705],[37.64961,55.82887],[37.64972,55.82898],[37.64934,55.82911],[37.64778,55.82964],[37.64737,55.82978],[37.6464,55.83011],[37.64622,55.83017],[37.64563,55.83037],[37.64195,55.83161],[37.64008,55.83226],[37.64002,55.83228],[37.6395,55.83247],[37.6371,55.83337],[37.63695,55.83351],[37.63684,55.83351],[37.63684,55.83383],[37.63431,55.83381],[37.63423,55.83532],[37.63304,55.83595],[37.63202,55.83595],[37.63202,55.83694],[37.63202,55.83824],[37.63236,55.83862],[37.63271,55.83856],[37.63359,55.83851],[37.6338,55.8385],[37.63436,55.83842],[37.63451,55.83839],[37.63586,55.83804],[37.63607,55.83798],[37.63649,55.83787],[37.63674,55.83781],[37.63672,55.83802],[37.63668,55.8384],[37.63658,55.83911],[37.63656,55.83926],[37.63649,55.83993],[37.63646,55.84015],[37.63644,55.84036],[37.63616,55.84277],[37.63613,55.84316],[37.6361,55.84347],[37.63606,55.84388],[37.63595,55.84457],[37.63588,55.84516],[37.63587,55.84568],[37.63528,55.84569],[37.63272,55.8458],[37.6315,55.84585],[37.62694,55.84601],[37.62672,55.84602],[37.62671,55.84611],[37.62665,55.84692],[37.62664,55.84712],[37.62663,55.84738],[37.6266,55.84767],[37.62658,55.84798],[37.62649,55.84875],[37.62604,55.85342],[37.62602,55.85362],[37.62586,55.85538],[37.62574,55.85573],[37.6255,55.85618],[37.62512,55.85677],[37.6251,55.85685],[37.62504,55.85709],[37.6251,55.85727],[37.62515,55.85741],[37.62518,55.85762],[37.62521,55.85779],[37.62499,55.85788],[37.62479,55.85794],[37.6245,55.858],[37.62403,55.85806],[37.62391,55.85808],[37.62363,55.85813],[37.62328,55.85821],[37.62308,55.85829],[37.6225,55.85856],[37.62036,55.85926],[37.62035,55.85916],[37.62038,55.85702],[37.62039,55.85593],[37.62038,55.85513],[37.62033,55.85494],[37.62033,55.8549],[37.62023,55.85465],[37.62009,55.8544],[37.61996,55.85422],[37.61984,55.85407],[37.61937,55.8536],[37.61921,55.85344],[37.61861,55.85285],[37.61769,55.85193],[37.61756,55.85181],[37.61723,55.85148],[37.61708,55.85133],[37.61694,55.8512],[37.6161,55.85035],[37.61593,55.85019],[37.61232,55.84648],[37.61008,55.84666],[37.60576,55.84684],[37.60189,55.84696],[37.59282,55.84731],[37.5926,55.84712],[37.59257,55.84631],[37.59144,55.84603],[37.59047,55.84564],[37.59084,55.84543],[37.59021,55.84483],[37.58834,55.84483],[37.58717,55.84483],[37.587,55.84371],[37.58633,55.84354],[37.58675,55.84296],[37.58686,55.84282],[37.58692,55.84235],[37.58703,55.84223],[37.58892,55.84008],[37.58919,55.8396],[37.58949,55.83899],[37.58937,55.83897],[37.58923,55.83895],[37.58874,55.83888],[37.58845,55.83936],[37.58775,55.8392],[37.58745,55.83957],[37.58711,55.83949],[37.5859,55.84017],[37.58209,55.83831],[37.58127,55.83881],[37.58052,55.83891],[37.58048,55.83882],[37.58043,55.83753],[37.58042,55.83384]]]},"properties":{"description":"Останкинский ","fill":"#ed4543","fill-opacity":0.6,"stroke":"#ed4543","stroke-width":"5","stroke-opacity":0.9}},{"type":"Feature","id":31,"geometry":{"type":"Polygon","coordinates":[[[37.58213,55.711],[37.5834,55.71004],[37.58423,55.70951],[37.58536,55.70881],[37.58871,55.70714],[37.5877,55.70656],[37.58747,55.70643],[37.58731,55.70634],[37.5875,55.70611],[37.58782,55.70578],[37.58808,55.70549],[37.58846,55.70508],[37.58902,55.70444],[37.58934,55.70408],[37.58984,55.70351],[37.59097,55.70219],[37.59296,55.69987],[37.59398,55.6987],[37.5949,55.69761],[37.59562,55.69678],[37.59625,55.69607],[37.59673,55.69557],[37.5971,55.69523],[37.59756,55.69485],[37.59806,55.6944],[37.59896,55.69367],[37.59922,55.69345],[37.5996,55.6931],[37.60007,55.69271],[37.60068,55.6922],[37.60131,55.69178],[37.60162,55.69158],[37.60198,55.69154],[37.60261,55.69122],[37.60327,55.69086],[37.60379,55.69063],[37.60374,55.69052],[37.60437,55.69028],[37.60515,55.69001],[37.60597,55.68978],[37.60676,55.68959],[37.60751,55.68944],[37.60812,55.68933],[37.60889,55.68923],[37.60959,55.68919],[37.61045,55.68912],[37.61118,55.68909],[37.61202,55.68909],[37.61259,55.6891],[37.61331,55.68915],[37.61403,55.68921],[37.6148,55.68932],[37.61734,55.6898],[37.61959,55.69026],[37.62136,55.69063],[37.62186,55.69073],[37.62236,55.69083],[37.62345,55.69099],[37.62426,55.69111],[37.62529,55.69126],[37.62681,55.69149],[37.62887,55.69175],[37.62831,55.694],[37.62814,55.69982],[37.62814,55.70155],[37.62814,55.70345],[37.62857,55.70526],[37.62734,55.70538],[37.6247,55.70562],[37.62275,55.70581],[37.62099,55.70605],[37.62022,55.70596],[37.61834,55.70568],[37.61732,55.70551],[37.61722,55.70546],[37.61686,55.70525],[37.61668,55.70517],[37.61646,55.7051],[37.61602,55.70504],[37.61421,55.70478],[37.61235,55.70453],[37.61223,55.70451],[37.61122,55.70433],[37.61067,55.70504],[37.60825,55.70762],[37.60749,55.70748],[37.60716,55.70822],[37.60713,55.70829],[37.60699,55.70856],[37.60675,55.70897],[37.6067,55.70907],[37.60659,55.70928],[37.60646,55.70953],[37.60641,55.70968],[37.60626,55.71049],[37.60623,55.71082],[37.60622,55.71094],[37.60627,55.71115],[37.60631,55.71124],[37.60639,55.71147],[37.60655,55.71196],[37.60675,55.71248],[37.60705,55.71329],[37.60726,55.71384],[37.60735,55.7141],[37.60738,55.71418],[37.60754,55.7146],[37.60764,55.71488],[37.60777,55.71522],[37.60789,55.71555],[37.60809,55.71604],[37.60834,55.71675],[37.61151,55.71668],[37.61344,55.71663],[37.61366,55.71663],[37.61366,55.71672],[37.61367,55.71743],[37.61367,55.71759],[37.61367,55.71776],[37.61368,55.71834],[37.61369,55.7193],[37.61369,55.71942],[37.6137,55.71953],[37.61371,55.7198],[37.61376,55.71984],[37.6145,55.71995],[37.61557,55.72009],[37.61504,55.72056],[37.61441,55.721],[37.61417,55.72109],[37.612,55.72127],[37.61114,55.72135],[37.61017,55.72143],[37.60977,55.72039],[37.6094,55.71948],[37.60905,55.71955],[37.60727,55.71988],[37.60542,55.72023],[37.60531,55.72025],[37.60517,55.72028],[37.60343,55.72064],[37.60227,55.72089],[37.60181,55.72098],[37.60149,55.72105],[37.60144,55.72106],[37.6007,55.72126],[37.60047,55.72131],[37.60038,55.72135],[37.59813,55.71985],[37.59749,55.72014],[37.59724,55.71996],[37.59686,55.72013],[37.5968,55.72009],[37.59599,55.71956],[37.59566,55.71936],[37.59408,55.71833],[37.59256,55.71915],[37.59262,55.71941],[37.59297,55.71958],[37.59282,55.71965],[37.59275,55.71967],[37.59271,55.71969],[37.59223,55.71943],[37.59213,55.71883],[37.59143,55.71839],[37.59139,55.71835],[37.5908,55.71787],[37.59079,55.71781],[37.59167,55.71746],[37.5925,55.71702],[37.59247,55.717],[37.59254,55.71695],[37.59258,55.71697],[37.59267,55.71687],[37.59191,55.71638],[37.59172,55.71645],[37.59069,55.71569],[37.5905,55.71575],[37.58995,55.71534],[37.58798,55.71394],[37.58845,55.71376],[37.58792,55.71332],[37.5879,55.71331],[37.58834,55.7131],[37.58557,55.71107],[37.58538,55.71116],[37.58523,55.71122],[37.58517,55.71124],[37.58398,55.71103],[37.58277,55.71125],[37.58213,55.711]]]},"properties":{"description":"Донской","fill":"#ed4543","fill-opacity":0.6,"stroke":"#ed4543","stroke-width":"5","stroke-opacity":0.9}},{"type":"Feature","id":32,"geometry":{"type":"Polygon","coordinates":[[[37.58886,55.79242],[37.58912,55.79238],[37.5892,55.79238],[37.58927,55.79237],[37.58936,55.79238],[37.58944,55.79238],[37.58993,55.79242],[37.59003,55.79243],[37.59017,55.79243],[37.59167,55.79245],[37.59226,55.79244],[37.5928,55.79245],[37.59363,55.79242],[37.59439,55.79234],[37.59566,55.79222],[37.59925,55.79248],[37.59928,55.79238],[37.59931,55.79229],[37.59976,55.79082],[37.5999,55.79031],[37.60012,55.7895],[37.60015,55.7894],[37.60037,55.78874],[37.60042,55.78861],[37.60061,55.78803],[37.60068,55.78782],[37.60077,55.7876],[37.60088,55.78733],[37.60113,55.78672],[37.60119,55.78658],[37.60152,55.78569],[37.6016,55.78546],[37.60166,55.78529],[37.60166,55.78527],[37.60171,55.78514],[37.60189,55.78516],[37.60204,55.78517],[37.60216,55.78518],[37.60269,55.78522],[37.60286,55.78523],[37.60358,55.78529],[37.60374,55.7853],[37.60388,55.78531],[37.60434,55.78535],[37.60453,55.78533],[37.60468,55.78529],[37.60545,55.78493],[37.60568,55.78483],[37.606,55.78469],[37.60632,55.78457],[37.60663,55.78445],[37.60675,55.7844],[37.60679,55.78439],[37.60711,55.78428],[37.60733,55.78421],[37.60791,55.78401],[37.60806,55.78396],[37.6093,55.78354],[37.60975,55.78339],[37.6102,55.78325],[37.61037,55.7832],[37.61093,55.78302],[37.6113,55.7829],[37.61139,55.78288],[37.61149,55.78284],[37.61187,55.78272],[37.61225,55.78259],[37.61241,55.78262],[37.61255,55.78268],[37.61273,55.78288],[37.61291,55.78331],[37.61296,55.78338],[37.61309,55.7834],[37.61376,55.78339],[37.61457,55.78351],[37.61478,55.78348],[37.61493,55.78338],[37.61515,55.78316],[37.61518,55.78348],[37.61538,55.78389],[37.61552,55.78413],[37.61561,55.78428],[37.61594,55.78483],[37.61613,55.78515],[37.61622,55.7853],[37.61627,55.78538],[37.61672,55.78615],[37.61682,55.78643],[37.6168,55.78682],[37.61677,55.78731],[37.61671,55.78779],[37.6167,55.78785],[37.61669,55.7879],[37.61664,55.78837],[37.61663,55.78852],[37.61662,55.78864],[37.61655,55.78937],[37.61652,55.78971],[37.61651,55.78981],[37.61641,55.79123],[37.6164,55.79142],[37.61639,55.79154],[37.61633,55.7923],[37.61632,55.79247],[37.6163,55.79291],[37.61631,55.79314],[37.61698,55.79312],[37.61817,55.79309],[37.61936,55.79302],[37.62343,55.79276],[37.62462,55.79269],[37.62796,55.79252],[37.62895,55.79238],[37.62974,55.79226],[37.63153,55.79193],[37.63226,55.79185],[37.63279,55.79181],[37.63343,55.79181],[37.63407,55.79183],[37.63462,55.79186],[37.63457,55.79228],[37.63442,55.7942],[37.63442,55.79462],[37.63475,55.79602],[37.63494,55.79695],[37.63446,55.79725],[37.63376,55.7977],[37.61457,55.81007],[37.61337,55.81084],[37.6093,55.80905],[37.60149,55.80683],[37.59974,55.8066],[37.59692,55.80557],[37.59612,55.80528],[37.59535,55.80527],[37.59535,55.80524],[37.59557,55.80436],[37.59557,55.80432],[37.59578,55.80308],[37.59604,55.80256],[37.59633,55.8011],[37.59637,55.79989],[37.5963,55.79961],[37.59624,55.79893],[37.59625,55.79876],[37.59633,55.79868],[37.59635,55.79866],[37.59635,55.79864],[37.59622,55.79855],[37.5952,55.79809],[37.59445,55.79767],[37.59371,55.79724],[37.59281,55.79665],[37.59207,55.7961],[37.59078,55.79487],[37.58977,55.79381],[37.58919,55.79315],[37.58886,55.79242]]]},"properties":{"description":"Марьина Роща","fill":"#ed4543","fill-opacity":0.6,"stroke":"#ed4543","stroke-width":"5","stroke-opacity":0.9}},{"type":"Feature","id":33,"geometry":{"type":"Polygon","coordinates":[[[37.60351,55.69035],[37.60401,55.69007],[37.60449,55.6898],[37.60474,55.68956],[37.6051,55.68915],[37.60517,55.68901],[37.60524,55.68881],[37.60529,55.68845],[37.60529,55.68807],[37.60522,55.68772],[37.60509,55.68732],[37.60498,55.68698],[37.60493,55.68666],[37.60491,55.68633],[37.60495,55.68605],[37.60502,55.6858],[37.60527,55.68542],[37.60548,55.68519],[37.60571,55.68496],[37.606,55.68475],[37.60643,55.68451],[37.60675,55.68436],[37.60717,55.6842],[37.60762,55.68406],[37.60812,55.68395],[37.60861,55.68389],[37.60902,55.68387],[37.60934,55.68387],[37.60991,55.68388],[37.61065,55.68397],[37.61138,55.68407],[37.61208,55.68418],[37.6126,55.68428],[37.61316,55.68438],[37.61421,55.68459],[37.6152,55.68473],[37.617,55.68477],[37.61838,55.6845],[37.619,55.68432],[37.61833,55.68367],[37.61734,55.68333],[37.61678,55.68286],[37.61622,55.68214],[37.61604,55.68191],[37.61588,55.68188],[37.61532,55.68189],[37.61494,55.68177],[37.6147,55.6816],[37.61453,55.68092],[37.61415,55.68038],[37.61378,55.67999],[37.61322,55.67965],[37.61267,55.67927],[37.61236,55.67896],[37.61201,55.67881],[37.61171,55.67861],[37.61148,55.67833],[37.61151,55.6781],[37.61154,55.67791],[37.61152,55.67752],[37.61142,55.67732],[37.61129,55.67722],[37.6109,55.67714],[37.61048,55.67707],[37.61018,55.67697],[37.61003,55.67683],[37.60986,55.67667],[37.60951,55.67656],[37.60938,55.67649],[37.60925,55.67644],[37.60912,55.67641],[37.60893,55.67592],[37.60889,55.67556],[37.60875,55.67542],[37.60838,55.67523],[37.6081,55.67496],[37.60774,55.67471],[37.60738,55.67467],[37.60737,55.67449],[37.60728,55.67417],[37.60691,55.67387],[37.6061,55.67322],[37.60584,55.67285],[37.60593,55.67245],[37.60565,55.67206],[37.60623,55.6717],[37.6061,55.67039],[37.60628,55.66886],[37.60685,55.66828],[37.61164,55.66613],[37.6111,55.66551],[37.611,55.66539],[37.61092,55.6653],[37.61064,55.66496],[37.6097,55.66522],[37.60909,55.66512],[37.60812,55.66447],[37.60771,55.66428],[37.60765,55.66408],[37.61357,55.66348],[37.6135,55.66341],[37.6134,55.66333],[37.61316,55.66313],[37.61302,55.663],[37.61287,55.66288],[37.61137,55.6616],[37.61054,55.6609],[37.61041,55.66081],[37.61024,55.66068],[37.60996,55.66045],[37.60812,55.65895],[37.60806,55.6589],[37.60692,55.65792],[37.60587,55.65703],[37.60567,55.65681],[37.60549,55.65658],[37.60547,55.65653],[37.60545,55.65645],[37.60545,55.65622],[37.60544,55.65606],[37.60546,55.65479],[37.60549,55.65373],[37.6055,55.65363],[37.6055,55.65337],[37.6055,55.65304],[37.6055,55.65292],[37.60553,55.65107],[37.60558,55.64902],[37.60559,55.64862],[37.60562,55.64739],[37.60559,55.64561],[37.60559,55.6455],[37.60559,55.64538],[37.60559,55.6452],[37.60558,55.64482],[37.60559,55.64448],[37.60565,55.64334],[37.60573,55.64133],[37.61699,55.64071],[37.61899,55.6406],[37.61977,55.64054],[37.61974,55.64219],[37.62447,55.64253],[37.62432,55.64314],[37.62349,55.64643],[37.62285,55.64885],[37.62231,55.65104],[37.6222,55.65183],[37.62258,55.65756],[37.62285,55.6631],[37.62291,55.66689],[37.62532,55.66973],[37.62592,55.67047],[37.62629,55.6711],[37.62716,55.67261],[37.6266,55.67413],[37.62586,55.67622],[37.62394,55.68186],[37.62342,55.68391],[37.62186,55.69073],[37.62136,55.69063],[37.61959,55.69026],[37.61734,55.6898],[37.6148,55.68932],[37.61403,55.68921],[37.61331,55.68915],[37.61259,55.6891],[37.61202,55.68909],[37.61118,55.68909],[37.61045,55.68912],[37.60959,55.68919],[37.60889,55.68923],[37.60812,55.68933],[37.60751,55.68944],[37.60676,55.68959],[37.60597,55.68978],[37.60515,55.69001],[37.60437,55.69028],[37.60374,55.69052],[37.60351,55.69035]]]},"properties":{"description":"Нагорный","fill":"#ed4543","fill-opacity":0.6,"stroke":"#ed4543","stroke-width":"5","stroke-opacity":0.9}},{"type":"Feature","id":34,"geometry":{"type":"Polygon","coordinates":[[[37.62504,55.85709],[37.6251,55.85685],[37.62512,55.85677],[37.6255,55.85618],[37.62574,55.85573],[37.62586,55.85538],[37.62602,55.85362],[37.62604,55.85342],[37.62649,55.84875],[37.62658,55.84798],[37.6266,55.84767],[37.62663,55.84738],[37.62664,55.84712],[37.62665,55.84692],[37.62671,55.84611],[37.62672,55.84602],[37.62694,55.84601],[37.6315,55.84585],[37.63272,55.8458],[37.63528,55.84569],[37.63587,55.84568],[37.63642,55.84565],[37.63767,55.84562],[37.63848,55.84558],[37.63994,55.84554],[37.64302,55.84532],[37.64826,55.84495],[37.64946,55.84477],[37.65056,55.84462],[37.65371,55.84384],[37.65504,55.84339],[37.65648,55.84298],[37.65996,55.84189],[37.66253,55.84108],[37.66309,55.84092],[37.66347,55.8408],[37.66458,55.84164],[37.6654,55.84225],[37.66723,55.84361],[37.67145,55.84681],[37.67176,55.84906],[37.67194,55.85043],[37.67145,55.85045],[37.67121,55.85045],[37.67089,55.85089],[37.67059,55.85113],[37.67038,55.85127],[37.6693,55.85195],[37.66637,55.85385],[37.66428,55.85516],[37.66284,55.85613],[37.662,55.85685],[37.66189,55.85695],[37.66181,55.85693],[37.66172,55.85689],[37.66167,55.85688],[37.66161,55.85687],[37.66146,55.85684],[37.66119,55.85683],[37.66103,55.85685],[37.65947,55.857],[37.65706,55.85723],[37.65575,55.85735],[37.65488,55.85744],[37.65467,55.85746],[37.65448,55.85747],[37.65398,55.85751],[37.65374,55.85754],[37.65345,55.85756],[37.65294,55.8576],[37.64727,55.86075],[37.64685,55.86097],[37.6467,55.86109],[37.64604,55.86156],[37.64533,55.86259],[37.6453,55.86263],[37.64498,55.86312],[37.64481,55.86334],[37.64348,55.8638],[37.64259,55.86411],[37.64237,55.86424],[37.64213,55.86439],[37.64191,55.86473],[37.64178,55.86513],[37.64172,55.86531],[37.64173,55.86532],[37.6409,55.86525],[37.64049,55.86517],[37.64016,55.86502],[37.63991,55.86486],[37.63931,55.86412],[37.63909,55.86401],[37.63835,55.86364],[37.63829,55.86355],[37.63828,55.86343],[37.63814,55.86326],[37.63671,55.86237],[37.63511,55.86137],[37.63423,55.86086],[37.63385,55.86061],[37.63371,55.86045],[37.63359,55.86032],[37.63322,55.85989],[37.63296,55.85942],[37.63287,55.85918],[37.63288,55.85892],[37.63293,55.8585],[37.63301,55.85793],[37.63305,55.85768],[37.63294,55.85744],[37.6329,55.85736],[37.63261,55.85728],[37.63208,55.85722],[37.63101,55.85699],[37.62923,55.85688],[37.62868,55.8569],[37.62707,55.85699],[37.62591,55.85721],[37.62572,55.85726],[37.62515,55.85741],[37.6251,55.85727],[37.62504,55.85709]]]},"properties":{"fill":"#ed4543","fill-opacity":0.6,"stroke":"#ed4543","stroke-width":"5","stroke-opacity":0.9}},{"type":"Feature","id":35,"geometry":{"type":"Polygon","coordinates":[[[37.60622,55.71094],[37.60623,55.71082],[37.60626,55.71049],[37.60641,55.70968],[37.60646,55.70953],[37.60659,55.70928],[37.6067,55.70907],[37.60675,55.70897],[37.60699,55.70856],[37.60713,55.70829],[37.60716,55.70822],[37.60749,55.70748],[37.60825,55.70762],[37.61067,55.70504],[37.61122,55.70433],[37.61223,55.70451],[37.61235,55.70453],[37.61421,55.70478],[37.61602,55.70504],[37.61646,55.7051],[37.61668,55.70517],[37.61686,55.70525],[37.61722,55.70546],[37.61732,55.70551],[37.61834,55.70568],[37.62022,55.70596],[37.62099,55.70605],[37.62275,55.70581],[37.6247,55.70562],[37.62734,55.70538],[37.62857,55.70526],[37.62814,55.70345],[37.62814,55.70155],[37.62814,55.69982],[37.62831,55.694],[37.62887,55.69175],[37.62964,55.69005],[37.63157,55.68667],[37.6332,55.68551],[37.63612,55.68461],[37.63959,55.68427],[37.64393,55.68449],[37.66524,55.68613],[37.66585,55.69033],[37.66729,55.70074],[37.66735,55.70127],[37.66756,55.70314],[37.66781,55.70528],[37.66743,55.70657],[37.66729,55.70695],[37.66636,55.7098],[37.66626,55.7101],[37.66613,55.71049],[37.66588,55.71121],[37.66508,55.71374],[37.66379,55.71778],[37.66366,55.71814],[37.66361,55.71843],[37.66354,55.71899],[37.66359,55.72033],[37.66361,55.72069],[37.66364,55.72195],[37.66366,55.7225],[37.66368,55.72307],[37.66366,55.72438],[37.6636,55.72522],[37.66313,55.72676],[37.66298,55.72675],[37.66285,55.72674],[37.66268,55.72673],[37.6624,55.72671],[37.66198,55.72668],[37.66027,55.7266],[37.65672,55.72637],[37.65621,55.7271],[37.65577,55.72762],[37.65421,55.72882],[37.65223,55.72804],[37.65203,55.72821],[37.65175,55.72813],[37.65155,55.72814],[37.65112,55.72826],[37.65079,55.72832],[37.65052,55.72837],[37.64996,55.72851],[37.6491,55.72872],[37.64877,55.7288],[37.64824,55.72894],[37.64795,55.72901],[37.64706,55.72923],[37.64637,55.72941],[37.64602,55.7295],[37.64594,55.7294],[37.64556,55.72889],[37.64494,55.72808],[37.64491,55.72801],[37.6449,55.72794],[37.64452,55.72607],[37.64438,55.72537],[37.6441,55.72402],[37.64408,55.72388],[37.64407,55.72383],[37.64406,55.72379],[37.64405,55.72373],[37.64403,55.72365],[37.64399,55.72348],[37.64379,55.72255],[37.64377,55.72247],[37.64377,55.72243],[37.64317,55.72235],[37.64191,55.72218],[37.64173,55.72216],[37.64121,55.7224],[37.64064,55.72267],[37.63978,55.72289],[37.63909,55.72307],[37.63859,55.72317],[37.63836,55.72321],[37.63814,55.72325],[37.6372,55.72342],[37.63661,55.72352],[37.63646,55.72353],[37.63641,55.72338],[37.6364,55.72335],[37.63614,55.72268],[37.63584,55.72202],[37.63439,55.72231],[37.63403,55.72239],[37.63372,55.72245],[37.63307,55.72259],[37.63154,55.72218],[37.63141,55.72215],[37.63112,55.72208],[37.63022,55.72187],[37.62789,55.72136],[37.62759,55.72134],[37.6272,55.72129],[37.6268,55.72127],[37.62556,55.72117],[37.6239,55.72101],[37.62382,55.721],[37.62357,55.72098],[37.62273,55.72091],[37.6224,55.72088],[37.62198,55.72084],[37.6179,55.7203],[37.61777,55.72028],[37.61755,55.72026],[37.61696,55.72021],[37.61567,55.7201],[37.61557,55.72009],[37.6145,55.71995],[37.61376,55.71984],[37.61371,55.7198],[37.6137,55.71953],[37.61369,55.71942],[37.61369,55.7193],[37.61368,55.71834],[37.61367,55.71776],[37.61367,55.71759],[37.61367,55.71743],[37.61366,55.71672],[37.61366,55.71663],[37.61344,55.71663],[37.61151,55.71668],[37.60834,55.71675],[37.60809,55.71604],[37.60789,55.71555],[37.60777,55.71522],[37.60764,55.71488],[37.60754,55.7146],[37.60738,55.71418],[37.60735,55.7141],[37.60726,55.71384],[37.60705,55.71329],[37.60675,55.71248],[37.60655,55.71196],[37.60639,55.71147],[37.60631,55.71124],[37.60627,55.71115],[37.60622,55.71094]]]},"properties":{"description":"Даниловский","fill":"#ed4543","fill-opacity":0.6,"stroke":"#ed4543","stroke-width":"5","stroke-opacity":0.9}},{"type":"Feature","id":36,"geometry":{"type":"Polygon","coordinates":[[[37.61225,55.78259],[37.61395,55.782],[37.61441,55.78186],[37.6147,55.78183],[37.61491,55.78184],[37.6149,55.78173],[37.61493,55.78161],[37.61507,55.78148],[37.6153,55.78134],[37.61542,55.78127],[37.61552,55.78121],[37.61567,55.78112],[37.61597,55.78092],[37.61628,55.78073],[37.61694,55.78036],[37.61705,55.7803],[37.61735,55.77954],[37.61771,55.77857],[37.61774,55.77847],[37.61787,55.77808],[37.61812,55.77746],[37.6185,55.77643],[37.61854,55.77627],[37.61859,55.77605],[37.61867,55.77559],[37.61867,55.77555],[37.61881,55.77467],[37.6189,55.77403],[37.61892,55.7739],[37.61892,55.77384],[37.61894,55.77361],[37.62079,55.77366],[37.62094,55.77351],[37.62097,55.77347],[37.621,55.77341],[37.62102,55.77319],[37.62102,55.77294],[37.62104,55.77252],[37.62105,55.77225],[37.62106,55.77189],[37.62106,55.77142],[37.62107,55.77088],[37.62107,55.77032],[37.62107,55.77025],[37.6211,55.76826],[37.62111,55.76784],[37.62112,55.76748],[37.62112,55.76742],[37.62114,55.76736],[37.62126,55.76718],[37.62132,55.76709],[37.62137,55.76703],[37.62145,55.76699],[37.62153,55.76697],[37.62144,55.76688],[37.62022,55.76558],[37.61986,55.7652],[37.62022,55.7651],[37.62006,55.76476],[37.62007,55.76412],[37.62009,55.76373],[37.62015,55.76174],[37.62015,55.7617],[37.6202,55.7616],[37.62048,55.76114],[37.62058,55.76095],[37.62093,55.7603],[37.62145,55.7593],[37.62155,55.75912],[37.62271,55.75929],[37.62278,55.75931],[37.6238,55.75943],[37.6248,55.75955],[37.62578,55.75975],[37.62591,55.75979],[37.62601,55.75984],[37.62612,55.75991],[37.62618,55.75998],[37.6266,55.76047],[37.62667,55.76054],[37.62781,55.75992],[37.62834,55.75983],[37.62872,55.76007],[37.62892,55.7602],[37.62984,55.76064],[37.63009,55.76077],[37.62999,55.76082],[37.62947,55.76104],[37.62978,55.76141],[37.62985,55.76154],[37.63013,55.76204],[37.63033,55.76256],[37.63042,55.76286],[37.63061,55.76341],[37.63024,55.76345],[37.62991,55.76287],[37.62868,55.76311],[37.62871,55.76315],[37.62912,55.76369],[37.62963,55.76431],[37.62974,55.76444],[37.63009,55.76489],[37.63019,55.76498],[37.6303,55.76505],[37.63074,55.7654],[37.63086,55.76552],[37.63097,55.76567],[37.63129,55.76627],[37.63133,55.7664],[37.63143,55.76679],[37.63144,55.76685],[37.63149,55.76703],[37.63152,55.76713],[37.63163,55.76749],[37.63165,55.76757],[37.6318,55.76807],[37.63182,55.76816],[37.63192,55.76858],[37.63199,55.7689],[37.63202,55.76902],[37.63214,55.76943],[37.63216,55.7695],[37.63228,55.76989],[37.63232,55.77003],[37.63234,55.77012],[37.63245,55.77065],[37.63247,55.77074],[37.63247,55.77081],[37.63245,55.77127],[37.63244,55.77142],[37.6324,55.77182],[37.6324,55.77188],[37.63239,55.77262],[37.63326,55.77251],[37.63415,55.77241],[37.63578,55.77222],[37.63656,55.77211],[37.63725,55.772],[37.63735,55.77225],[37.63745,55.77247],[37.6376,55.77273],[37.63768,55.77288],[37.63771,55.77293],[37.63781,55.77313],[37.63802,55.77353],[37.6381,55.77377],[37.63812,55.77384],[37.63813,55.77392],[37.63813,55.77402],[37.63815,55.77425],[37.63815,55.77439],[37.63817,55.77465],[37.63818,55.77479],[37.63821,55.77485],[37.6383,55.77502],[37.63845,55.77531],[37.63864,55.77567],[37.63876,55.77589],[37.63883,55.77604],[37.63907,55.7765],[37.63912,55.77661],[37.63916,55.77667],[37.63936,55.77706],[37.6394,55.77714],[37.63956,55.77714],[37.64006,55.77715],[37.6401,55.77722],[37.64024,55.77751],[37.64047,55.77797],[37.64069,55.77843],[37.6407,55.77845],[37.64097,55.77899],[37.64129,55.77964],[37.64131,55.77967],[37.64189,55.77968],[37.64384,55.77969],[37.64393,55.77969],[37.64397,55.77969],[37.6449,55.77975],[37.6446,55.78056],[37.64395,55.78221],[37.64383,55.78253],[37.64297,55.78482],[37.64173,55.78813],[37.64166,55.78845],[37.64166,55.78846],[37.64222,55.78843],[37.64221,55.78925],[37.64208,55.79016],[37.64166,55.79094],[37.64144,55.79131],[37.64088,55.79185],[37.64026,55.79244],[37.64296,55.79298],[37.64046,55.7946],[37.63827,55.79566],[37.6365,55.79639],[37.63535,55.79696],[37.63499,55.79714],[37.63494,55.79695],[37.63475,55.79602],[37.63442,55.79462],[37.63442,55.7942],[37.63457,55.79228],[37.63462,55.79186],[37.63407,55.79183],[37.63343,55.79181],[37.63279,55.79181],[37.63226,55.79185],[37.63153,55.79193],[37.62974,55.79226],[37.62895,55.79238],[37.62796,55.79252],[37.62462,55.79269],[37.62343,55.79276],[37.61936,55.79302],[37.61817,55.79309],[37.61698,55.79312],[37.61631,55.79314],[37.6163,55.79291],[37.61632,55.79247],[37.61633,55.7923],[37.61639,55.79154],[37.6164,55.79142],[37.61641,55.79123],[37.61651,55.78981],[37.61652,55.78971],[37.61655,55.78937],[37.61662,55.78864],[37.61663,55.78852],[37.61664,55.78837],[37.61669,55.7879],[37.6167,55.78785],[37.61671,55.78779],[37.61677,55.78731],[37.6168,55.78682],[37.61682,55.78643],[37.61672,55.78615],[37.61627,55.78538],[37.61622,55.7853],[37.61613,55.78515],[37.61594,55.78483],[37.61561,55.78428],[37.61552,55.78413],[37.61538,55.78389],[37.61518,55.78348],[37.61515,55.78316],[37.61493,55.78338],[37.61478,55.78348],[37.61457,55.78351],[37.61376,55.78339],[37.61309,55.7834],[37.61296,55.78338],[37.61291,55.78331],[37.61273,55.78288],[37.61255,55.78268],[37.61241,55.78262],[37.61225,55.78259]]]},"properties":{"description":"Мещанский ","fill":"#ed4543","fill-opacity":0.6,"stroke":"#ed4543","stroke-width":"5","stroke-opacity":0.9}},{"type":"Feature","id":37,"geometry":{"type":"Polygon","coordinates":[[[37.61513,55.72688],[37.61582,55.72532],[37.61672,55.7234],[37.61687,55.72296],[37.61691,55.72282],[37.6174,55.72137],[37.61763,55.72069],[37.61774,55.72038],[37.61777,55.72028],[37.6179,55.7203],[37.62198,55.72084],[37.6224,55.72088],[37.62273,55.72091],[37.62357,55.72098],[37.62382,55.721],[37.6239,55.72101],[37.62556,55.72117],[37.6268,55.72127],[37.6272,55.72129],[37.62759,55.72134],[37.62789,55.72136],[37.63022,55.72187],[37.63112,55.72208],[37.63141,55.72215],[37.63154,55.72218],[37.63307,55.72259],[37.63372,55.72245],[37.63403,55.72239],[37.63439,55.72231],[37.63584,55.72202],[37.63614,55.72268],[37.6364,55.72335],[37.63641,55.72338],[37.63646,55.72353],[37.63661,55.72352],[37.6372,55.72342],[37.63814,55.72325],[37.63836,55.72321],[37.63859,55.72317],[37.63909,55.72307],[37.63978,55.72289],[37.64064,55.72267],[37.64121,55.7224],[37.64173,55.72216],[37.64191,55.72218],[37.64317,55.72235],[37.64377,55.72243],[37.64377,55.72247],[37.64379,55.72255],[37.64399,55.72348],[37.64403,55.72365],[37.64405,55.72373],[37.64406,55.72379],[37.64407,55.72383],[37.64408,55.72388],[37.6441,55.72402],[37.64438,55.72537],[37.64452,55.72607],[37.6449,55.72794],[37.64491,55.72801],[37.64494,55.72808],[37.64556,55.72889],[37.64594,55.7294],[37.64602,55.7295],[37.64637,55.72941],[37.64706,55.72923],[37.64795,55.72901],[37.64824,55.72894],[37.64877,55.7288],[37.6491,55.72872],[37.64996,55.72851],[37.65052,55.72837],[37.65079,55.72832],[37.65112,55.72826],[37.65155,55.72814],[37.65175,55.72813],[37.65203,55.72821],[37.65223,55.72804],[37.65421,55.72882],[37.65251,55.72995],[37.65049,55.73128],[37.64912,55.73333],[37.64802,55.73496],[37.64753,55.73591],[37.64487,55.74113],[37.64281,55.74348],[37.64131,55.74501],[37.63927,55.74658],[37.63771,55.74737],[37.63419,55.74843],[37.63211,55.74885],[37.63114,55.74903],[37.62676,55.74915],[37.62506,55.74908],[37.62512,55.74863],[37.62513,55.74859],[37.62513,55.74851],[37.62539,55.74816],[37.62565,55.74783],[37.62593,55.74688],[37.62605,55.74651],[37.62635,55.746],[37.62513,55.74584],[37.62493,55.74581],[37.6247,55.74578],[37.62466,55.74568],[37.62455,55.74543],[37.62457,55.7452],[37.62459,55.74501],[37.62483,55.7442],[37.62487,55.74391],[37.62498,55.74275],[37.62501,55.7424],[37.625,55.74197],[37.62497,55.74161],[37.62488,55.74104],[37.62487,55.74097],[37.62476,55.74049],[37.62476,55.74046],[37.6246,55.73972],[37.62456,55.73931],[37.62439,55.73659],[37.62438,55.73654],[37.62438,55.73649],[37.6244,55.73511],[37.6244,55.73501],[37.62441,55.73451],[37.62443,55.73418],[37.62442,55.73384],[37.62438,55.73317],[37.62435,55.7328],[37.62435,55.73276],[37.62434,55.73263],[37.62425,55.73169],[37.62399,55.7302],[37.62395,55.73009],[37.62388,55.7301],[37.62385,55.73011],[37.62357,55.73003],[37.62345,55.73],[37.62346,55.72987],[37.62349,55.72986],[37.62352,55.72983],[37.62354,55.72975],[37.62344,55.72967],[37.62331,55.72966],[37.6232,55.72946],[37.62318,55.72948],[37.62309,55.72952],[37.62297,55.72955],[37.62281,55.72957],[37.6226,55.72958],[37.62236,55.72956],[37.62143,55.72945],[37.62097,55.7294],[37.61996,55.72928],[37.6199,55.72927],[37.61961,55.72924],[37.61964,55.72917],[37.61966,55.72911],[37.61971,55.7288],[37.61976,55.72843],[37.61988,55.72763],[37.6199,55.72739],[37.61991,55.7273],[37.61975,55.72728],[37.61761,55.72708],[37.61513,55.72688]]]},"properties":{"description":"Замоскворечье","fill":"#ed4543","fill-opacity":0.6,"stroke":"#ed4543","stroke-width":"5","stroke-opacity":0.9}},{"type":"Feature","id":38,"geometry":{"type":"Polygon","coordinates":[[[37.62186,55.69073],[37.62342,55.68391],[37.62394,55.68186],[37.62586,55.67622],[37.6266,55.67413],[37.62716,55.67261],[37.62629,55.6711],[37.62592,55.67047],[37.62532,55.66973],[37.62291,55.66689],[37.62285,55.6631],[37.62258,55.65756],[37.62461,55.65733],[37.62683,55.65698],[37.63183,55.65619],[37.63204,55.65586],[37.6336,55.65618],[37.6335,55.65646],[37.63426,55.65653],[37.63706,55.65495],[37.63751,55.65529],[37.64015,55.65709],[37.64114,55.65778],[37.64133,55.65791],[37.64149,55.65803],[37.64177,55.65822],[37.64179,55.65825],[37.6418,55.65829],[37.6418,55.65833],[37.64789,55.65559],[37.64847,55.65534],[37.64947,55.65489],[37.65091,55.6542],[37.65276,55.65337],[37.65689,55.65154],[37.65825,55.65105],[37.65907,55.65076],[37.65849,55.65112],[37.65736,55.65171],[37.65683,55.65199],[37.65603,55.65243],[37.65561,55.65266],[37.65532,55.65283],[37.65498,55.65309],[37.65459,55.65342],[37.65421,55.65379],[37.65394,55.65413],[37.65374,55.65448],[37.6536,55.6548],[37.65349,55.65509],[37.65342,55.65539],[37.65343,55.65601],[37.65379,55.65752],[37.6539,55.658],[37.65414,55.65896],[37.65426,55.65929],[37.65431,55.6597],[37.6614,55.6684],[37.66187,55.66935],[37.6622,55.67042],[37.66425,55.67966],[37.66449,55.68069],[37.66459,55.68174],[37.66511,55.68519],[37.66524,55.68613],[37.64393,55.68449],[37.63959,55.68427],[37.63612,55.68461],[37.6332,55.68551],[37.63157,55.68667],[37.62964,55.69005],[37.62887,55.69175],[37.62681,55.69149],[37.62529,55.69126],[37.62426,55.69111],[37.62345,55.69099],[37.62236,55.69083],[37.62186,55.69073]]]},"properties":{"description":"Нагатино-Садовники","fill":"#ed4543","fill-opacity":0.6,"stroke":"#ed4543","stroke-width":"5","stroke-opacity":0.9}},{"type":"Feature","id":39,"geometry":{"type":"Polygon","coordinates":[[[37.6279,55.75954],[37.62797,55.75948],[37.62879,55.75886],[37.6289,55.75878],[37.62904,55.75868],[37.62942,55.7584],[37.62978,55.75813],[37.63007,55.75792],[37.6306,55.75762],[37.63067,55.75759],[37.63147,55.75718],[37.63205,55.7567],[37.63244,55.75637],[37.63284,55.75609],[37.63331,55.75572],[37.63363,55.75545],[37.63398,55.75517],[37.63419,55.75499],[37.63432,55.75486],[37.63443,55.7547],[37.63456,55.75455],[37.63461,55.75447],[37.63464,55.75443],[37.63476,55.7542],[37.63482,55.75409],[37.63483,55.75406],[37.63488,55.75399],[37.63493,55.75394],[37.635,55.7539],[37.6351,55.75387],[37.63518,55.75385],[37.6353,55.75385],[37.63545,55.75387],[37.63569,55.75392],[37.63702,55.75423],[37.63718,55.75411],[37.63743,55.75391],[37.63781,55.75361],[37.63786,55.75357],[37.63898,55.75317],[37.63923,55.75317],[37.63951,55.75311],[37.6397,55.75309],[37.64066,55.75297],[37.64119,55.75291],[37.64269,55.75272],[37.64278,55.7527],[37.6429,55.75269],[37.64351,55.7527],[37.64446,55.75277],[37.64454,55.75278],[37.64668,55.75298],[37.64687,55.753],[37.64701,55.75302],[37.64743,55.75303],[37.64752,55.75303],[37.64756,55.75303],[37.64824,55.75299],[37.64867,55.75297],[37.6487,55.75297],[37.6494,55.75294],[37.65006,55.75302],[37.65085,55.75315],[37.65219,55.75344],[37.65233,55.75347],[37.65245,55.75349],[37.65316,55.75369],[37.65319,55.75371],[37.65384,55.75403],[37.65411,55.75421],[37.65434,55.75436],[37.65517,55.75455],[37.65519,55.75456],[37.65579,55.75466],[37.65607,55.75471],[37.65687,55.75474],[37.65762,55.75477],[37.65828,55.75473],[37.65919,55.75464],[37.66051,55.7545],[37.66095,55.75446],[37.66162,55.75437],[37.66242,55.75424],[37.66268,55.75417],[37.66293,55.7541],[37.66308,55.75402],[37.66323,55.75392],[37.66335,55.75384],[37.66369,55.75344],[37.66387,55.75315],[37.6641,55.75284],[37.66415,55.75276],[37.66421,55.75268],[37.66431,55.75269],[37.66457,55.75274],[37.66479,55.75279],[37.66501,55.75284],[37.66586,55.75303],[37.66623,55.75314],[37.66754,55.75219],[37.668,55.75187],[37.66851,55.75157],[37.66912,55.75128],[37.66978,55.751],[37.67053,55.75075],[37.67108,55.75115],[37.67185,55.7518],[37.67255,55.75239],[37.67302,55.75317],[37.67305,55.75369],[37.67294,55.754],[37.67271,55.75442],[37.67226,55.75508],[37.67168,55.75612],[37.67136,55.75663],[37.67076,55.75792],[37.67096,55.75835],[37.67133,55.75868],[37.6723,55.75916],[37.67302,55.75933],[37.67391,55.75937],[37.67513,55.75931],[37.67649,55.7592],[37.67947,55.75906],[37.68022,55.75907],[37.68095,55.75914],[37.6818,55.75931],[37.68259,55.75954],[37.68416,55.76027],[37.68539,55.76153],[37.68601,55.7622],[37.68575,55.76355],[37.68585,55.76398],[37.68612,55.76431],[37.68729,55.7657],[37.68844,55.76713],[37.68904,55.76777],[37.69038,55.76848],[37.69219,55.76948],[37.69232,55.7694],[37.69237,55.76938],[37.69243,55.76935],[37.69286,55.76914],[37.69409,55.76847],[37.69542,55.76772],[37.6968,55.76694],[37.69692,55.76688],[37.69703,55.76683],[37.69707,55.76681],[37.69722,55.7668],[37.6973,55.76679],[37.69738,55.7668],[37.69749,55.76684],[37.69754,55.76688],[37.69765,55.76695],[37.69793,55.76713],[37.69874,55.76763],[37.69889,55.76773],[37.69895,55.76777],[37.69919,55.76792],[37.69937,55.76804],[37.70036,55.7687],[37.7018,55.76959],[37.70252,55.77003],[37.70277,55.77013],[37.70309,55.77024],[37.70347,55.77037],[37.7038,55.77046],[37.70395,55.7705],[37.70435,55.77061],[37.70465,55.77073],[37.70473,55.77077],[37.70482,55.77083],[37.70515,55.7711],[37.70529,55.77119],[37.70542,55.77127],[37.70568,55.77141],[37.70661,55.77184],[37.70737,55.77222],[37.70764,55.77234],[37.70833,55.77269],[37.70897,55.773],[37.70965,55.77334],[37.70973,55.77338],[37.70987,55.77345],[37.71012,55.77357],[37.71026,55.77365],[37.71045,55.77374],[37.71106,55.77406],[37.71166,55.77435],[37.71179,55.77442],[37.71188,55.77447],[37.71202,55.77453],[37.7125,55.77477],[37.71291,55.77498],[37.71318,55.77511],[37.71352,55.77526],[37.71333,55.77548],[37.71268,55.77617],[37.71093,55.778],[37.71043,55.77845],[37.70992,55.77887],[37.70934,55.77928],[37.70879,55.77962],[37.7083,55.77991],[37.70774,55.78016],[37.70713,55.78038],[37.70609,55.78074],[37.70525,55.78099],[37.70507,55.78104],[37.7043,55.78124],[37.70318,55.78152],[37.70253,55.78165],[37.7019,55.78177],[37.70124,55.78185],[37.70061,55.78189],[37.69998,55.78191],[37.6999,55.78191],[37.69952,55.78197],[37.69939,55.78197],[37.69679,55.78202],[37.69634,55.78194],[37.6926,55.78196],[37.69225,55.78184],[37.68882,55.78191],[37.68705,55.78185],[37.68654,55.78182],[37.68482,55.7816],[37.68484,55.78081],[37.68335,55.7797],[37.68245,55.77903],[37.68052,55.77754],[37.68046,55.77749],[37.68044,55.77744],[37.68043,55.77742],[37.6804,55.77732],[37.68031,55.77725],[37.68027,55.77723],[37.68011,55.77712],[37.67916,55.77732],[37.67906,55.77735],[37.67637,55.7783],[37.67618,55.77836],[37.67609,55.77837],[37.676,55.77837],[37.6759,55.77835],[37.67569,55.77822],[37.67542,55.77808],[37.67476,55.77774],[37.67465,55.7777],[37.67438,55.77756],[37.67412,55.77743],[37.67406,55.7774],[37.67396,55.77735],[37.67376,55.77724],[37.67353,55.77712],[37.67343,55.77706],[37.67317,55.77694],[37.6729,55.77681],[37.67155,55.77623],[37.67109,55.77603],[37.67095,55.77598],[37.67078,55.7759],[37.67061,55.77582],[37.66972,55.77538],[37.66805,55.77456],[37.66633,55.77398],[37.66444,55.77334],[37.6643,55.77325],[37.66424,55.77317],[37.66408,55.7727],[37.66401,55.77247],[37.66394,55.77225],[37.66391,55.77216],[37.66389,55.77209],[37.66307,55.76982],[37.66304,55.76974],[37.66136,55.7697],[37.65922,55.76964],[37.65904,55.76964],[37.65821,55.76964],[37.65771,55.76964],[37.65718,55.76963],[37.65689,55.76963],[37.65549,55.7696],[37.65471,55.76959],[37.65465,55.76958],[37.65405,55.76955],[37.65384,55.76954],[37.6535,55.76949],[37.65307,55.76942],[37.65295,55.7694],[37.65155,55.7691],[37.64966,55.76872],[37.64811,55.76856],[37.64804,55.76856],[37.64594,55.7685],[37.64541,55.76849],[37.64492,55.76851],[37.6447,55.76851],[37.64444,55.76838],[37.64331,55.76781],[37.64324,55.76777],[37.64293,55.76763],[37.6428,55.76756],[37.64262,55.76748],[37.6422,55.76729],[37.64167,55.76704],[37.64097,55.76671],[37.64023,55.76637],[37.63868,55.76563],[37.63821,55.7654],[37.63806,55.76536],[37.6376,55.76519],[37.63748,55.76515],[37.63737,55.76514],[37.63726,55.76511],[37.63715,55.76508],[37.63708,55.76501],[37.63664,55.76453],[37.63658,55.76444],[37.63654,55.76435],[37.63608,55.76387],[37.63564,55.76341],[37.63541,55.7632],[37.63513,55.76295],[37.63466,55.76252],[37.63463,55.7625],[37.63459,55.76246],[37.63425,55.76225],[37.63375,55.76197],[37.63368,55.76193],[37.63331,55.76173],[37.63291,55.76152],[37.63215,55.76108],[37.63199,55.76096],[37.63182,55.76079],[37.63157,55.76051],[37.63097,55.76019],[37.63084,55.76014],[37.63068,55.7601],[37.62996,55.75998],[37.62894,55.75984],[37.62866,55.75978],[37.62847,55.75974],[37.62826,55.75968],[37.62807,55.75961],[37.6279,55.75954]]]},"properties":{"description":"Басманный","fill":"#ed4543","fill-opacity":0.6,"stroke":"#ed4543","stroke-width":"5","stroke-opacity":0.9}},{"type":"Feature","id":40,"geometry":{"type":"Polygon","coordinates":[[[37.62834,55.75983],[37.62894,55.75984],[37.62996,55.75998],[37.63068,55.7601],[37.63084,55.76014],[37.63097,55.76019],[37.63157,55.76051],[37.63182,55.76079],[37.63199,55.76096],[37.63215,55.76108],[37.63291,55.76152],[37.63331,55.76173],[37.63368,55.76193],[37.63375,55.76197],[37.63425,55.76225],[37.63459,55.76246],[37.63463,55.7625],[37.63466,55.76252],[37.63513,55.76295],[37.63541,55.7632],[37.63564,55.76341],[37.63608,55.76387],[37.63654,55.76435],[37.63658,55.76444],[37.63664,55.76453],[37.63708,55.76501],[37.63715,55.76508],[37.63726,55.76511],[37.63737,55.76514],[37.63748,55.76515],[37.6376,55.76519],[37.63806,55.76536],[37.63821,55.7654],[37.63868,55.76563],[37.64023,55.76637],[37.64097,55.76671],[37.64167,55.76704],[37.6422,55.76729],[37.64262,55.76748],[37.6428,55.76756],[37.64293,55.76763],[37.64324,55.76777],[37.64331,55.76781],[37.64444,55.76838],[37.6447,55.76851],[37.64492,55.76851],[37.64541,55.76849],[37.64594,55.7685],[37.64804,55.76856],[37.64811,55.76856],[37.64966,55.76872],[37.65155,55.7691],[37.65295,55.7694],[37.65307,55.76942],[37.6535,55.76949],[37.65384,55.76954],[37.65405,55.76955],[37.65465,55.76958],[37.65471,55.76959],[37.65549,55.7696],[37.65689,55.76963],[37.65718,55.76963],[37.65771,55.76964],[37.65821,55.76964],[37.65904,55.76964],[37.65922,55.76964],[37.66136,55.7697],[37.66304,55.76974],[37.66307,55.76982],[37.66389,55.77209],[37.66391,55.77216],[37.66394,55.77225],[37.66401,55.77247],[37.66408,55.7727],[37.66424,55.77317],[37.6643,55.77325],[37.66444,55.77334],[37.66633,55.77398],[37.66805,55.77456],[37.66972,55.77538],[37.67061,55.77582],[37.67078,55.7759],[37.67095,55.77598],[37.67109,55.77603],[37.67155,55.77623],[37.6729,55.77681],[37.67317,55.77694],[37.67343,55.77706],[37.67353,55.77712],[37.67376,55.77724],[37.67396,55.77735],[37.67406,55.7774],[37.67412,55.77743],[37.67438,55.77756],[37.67465,55.7777],[37.67476,55.77774],[37.67542,55.77808],[37.67569,55.77822],[37.6759,55.77835],[37.676,55.77837],[37.67609,55.77837],[37.67618,55.77836],[37.67637,55.7783],[37.67906,55.77735],[37.67916,55.77732],[37.68011,55.77712],[37.68027,55.77723],[37.68031,55.77725],[37.6804,55.77732],[37.68043,55.77742],[37.68044,55.77744],[37.68046,55.77749],[37.68052,55.77754],[37.68245,55.77903],[37.68335,55.7797],[37.68484,55.78081],[37.68482,55.7816],[37.68654,55.78182],[37.68705,55.78185],[37.68882,55.78191],[37.686,55.78252],[37.68267,55.78316],[37.67831,55.78402],[37.67575,55.78453],[37.67509,55.78468],[37.67458,55.78479],[37.67407,55.78489],[37.67228,55.78522],[37.66709,55.78614],[37.66384,55.78676],[37.66252,55.78701],[37.66106,55.78732],[37.66003,55.78752],[37.6556,55.78838],[37.65152,55.78937],[37.65015,55.78972],[37.64876,55.79011],[37.64823,55.79024],[37.64773,55.79038],[37.647,55.7906],[37.6463,55.79089],[37.64553,55.79127],[37.64296,55.79298],[37.64026,55.79244],[37.64088,55.79185],[37.64144,55.79131],[37.64166,55.79094],[37.64208,55.79016],[37.64221,55.78925],[37.64222,55.78843],[37.64166,55.78846],[37.64166,55.78845],[37.64173,55.78813],[37.64297,55.78482],[37.64383,55.78253],[37.64395,55.78221],[37.6446,55.78056],[37.6449,55.77975],[37.64397,55.77969],[37.64393,55.77969],[37.64384,55.77969],[37.64189,55.77968],[37.64131,55.77967],[37.64129,55.77964],[37.64097,55.77899],[37.6407,55.77845],[37.64069,55.77843],[37.64047,55.77797],[37.64024,55.77751],[37.6401,55.77722],[37.64006,55.77715],[37.63956,55.77714],[37.6394,55.77714],[37.63936,55.77706],[37.63916,55.77667],[37.63912,55.77661],[37.63907,55.7765],[37.63883,55.77604],[37.63876,55.77589],[37.63864,55.77567],[37.63845,55.77531],[37.6383,55.77502],[37.63821,55.77485],[37.63818,55.77479],[37.63817,55.77465],[37.63815,55.77439],[37.63815,55.77425],[37.63813,55.77402],[37.63813,55.77392],[37.63812,55.77384],[37.6381,55.77377],[37.63802,55.77353],[37.63781,55.77313],[37.63771,55.77293],[37.63768,55.77288],[37.6376,55.77273],[37.63745,55.77247],[37.63735,55.77225],[37.63725,55.772],[37.63656,55.77211],[37.63578,55.77222],[37.63415,55.77241],[37.63326,55.77251],[37.63239,55.77262],[37.6324,55.77188],[37.6324,55.77182],[37.63244,55.77142],[37.63245,55.77127],[37.63247,55.77081],[37.63247,55.77074],[37.63245,55.77065],[37.63234,55.77012],[37.63232,55.77003],[37.63228,55.76989],[37.63216,55.7695],[37.63214,55.76943],[37.63202,55.76902],[37.63199,55.7689],[37.63192,55.76858],[37.63182,55.76816],[37.6318,55.76807],[37.63165,55.76757],[37.63163,55.76749],[37.63152,55.76713],[37.63149,55.76703],[37.63144,55.76685],[37.63143,55.76679],[37.63133,55.7664],[37.63129,55.76627],[37.63097,55.76567],[37.63086,55.76552],[37.63074,55.7654],[37.6303,55.76505],[37.63019,55.76498],[37.63009,55.76489],[37.62974,55.76444],[37.62963,55.76431],[37.62912,55.76369],[37.62871,55.76315],[37.62868,55.76311],[37.62991,55.76287],[37.63024,55.76345],[37.63061,55.76341],[37.63042,55.76286],[37.63033,55.76256],[37.63013,55.76204],[37.62985,55.76154],[37.62978,55.76141],[37.62947,55.76104],[37.62999,55.76082],[37.63009,55.76077],[37.62984,55.76064],[37.62892,55.7602],[37.62872,55.76007],[37.62834,55.75983]]]},"properties":{"description":"Красносельский ","fill":"#ed4543","fill-opacity":0.6,"stroke":"#ed4543","stroke-width":"5","stroke-opacity":0.9}},{"type":"Feature","id":41,"geometry":{"type":"Polygon","coordinates":[[[37.63202,55.83595],[37.63304,55.83595],[37.63423,55.83532],[37.63431,55.83381],[37.63684,55.83383],[37.63684,55.83351],[37.63695,55.83351],[37.6371,55.83337],[37.6395,55.83247],[37.64002,55.83228],[37.64008,55.83226],[37.64195,55.83161],[37.64563,55.83037],[37.64622,55.83017],[37.6464,55.83011],[37.64737,55.82978],[37.64778,55.82964],[37.64934,55.82911],[37.64972,55.82898],[37.65221,55.83126],[37.65364,55.8326],[37.6543,55.83328],[37.65452,55.83306],[37.65483,55.83283],[37.65506,55.83261],[37.65515,55.83239],[37.65515,55.83213],[37.65502,55.83184],[37.65487,55.83167],[37.6545,55.83139],[37.6542,55.83112],[37.65381,55.83078],[37.6535,55.83039],[37.65349,55.83012],[37.65351,55.82976],[37.65374,55.82918],[37.6544,55.82864],[37.65543,55.82828],[37.65675,55.8281],[37.65821,55.82779],[37.6608,55.82753],[37.66211,55.82731],[37.66477,55.82669],[37.66625,55.8263],[37.667,55.82599],[37.66732,55.82566],[37.66721,55.82536],[37.66732,55.8251],[37.66755,55.82496],[37.66795,55.82492],[37.66844,55.82496],[37.66886,55.82486],[37.66911,55.82474],[37.66964,55.82458],[37.66998,55.82451],[37.67022,55.82446],[37.67046,55.82442],[37.67061,55.82484],[37.67064,55.82492],[37.67095,55.82569],[37.67128,55.8266],[37.67146,55.82723],[37.67149,55.82755],[37.67152,55.8282],[37.67154,55.82902],[37.6715,55.82947],[37.67127,55.83089],[37.67103,55.83256],[37.67089,55.8336],[37.67077,55.83451],[37.67063,55.83565],[37.67052,55.83655],[37.67038,55.83768],[37.67021,55.83874],[37.66952,55.83895],[37.66818,55.83943],[37.66387,55.84067],[37.66347,55.8408],[37.66309,55.84092],[37.66253,55.84108],[37.65996,55.84189],[37.65648,55.84298],[37.65504,55.84339],[37.65371,55.84384],[37.65056,55.84462],[37.64946,55.84477],[37.64826,55.84495],[37.64302,55.84532],[37.63994,55.84554],[37.63848,55.84558],[37.63767,55.84562],[37.63642,55.84565],[37.63587,55.84568],[37.63588,55.84516],[37.63595,55.84457],[37.63606,55.84388],[37.6361,55.84347],[37.63613,55.84316],[37.63616,55.84277],[37.63644,55.84036],[37.63646,55.84015],[37.63649,55.83993],[37.63656,55.83926],[37.63658,55.83911],[37.63668,55.8384],[37.63672,55.83802],[37.63674,55.83781],[37.63649,55.83787],[37.63607,55.83798],[37.63586,55.83804],[37.63451,55.83839],[37.63436,55.83842],[37.6338,55.8385],[37.63359,55.83851],[37.63271,55.83856],[37.63236,55.83862],[37.63202,55.83824],[37.63202,55.83694],[37.63202,55.83595]]]},"properties":{"description":"Ростокино","fill":"#ed4543","fill-opacity":0.6,"stroke":"#ed4543","stroke-width":"5","stroke-opacity":0.9}},{"type":"Feature","id":42,"geometry":{"type":"Polygon","coordinates":[[[37.63211,55.74885],[37.63419,55.74843],[37.63771,55.74737],[37.63927,55.74658],[37.64131,55.74501],[37.64281,55.74348],[37.64487,55.74113],[37.64753,55.73591],[37.64802,55.73496],[37.64912,55.73333],[37.65049,55.73128],[37.65251,55.72995],[37.65421,55.72882],[37.65577,55.72762],[37.65621,55.7271],[37.65672,55.72637],[37.66027,55.7266],[37.66198,55.72668],[37.6624,55.72671],[37.66268,55.72673],[37.66285,55.72674],[37.66298,55.72675],[37.66313,55.72676],[37.66309,55.72686],[37.6622,55.72844],[37.66076,55.7306],[37.66071,55.73068],[37.66069,55.7307],[37.66082,55.73073],[37.66134,55.73084],[37.66303,55.73116],[37.6634,55.73124],[37.66366,55.73129],[37.66409,55.73139],[37.66443,55.73147],[37.66581,55.73164],[37.66624,55.73154],[37.66682,55.73122],[37.66746,55.73086],[37.66749,55.73083],[37.66766,55.73059],[37.66773,55.73039],[37.66792,55.73003],[37.66813,55.7297],[37.66866,55.72885],[37.6692,55.72802],[37.66963,55.72737],[37.66971,55.72724],[37.67016,55.72655],[37.67056,55.72591],[37.67064,55.7258],[37.67256,55.72624],[37.67757,55.72731],[37.67807,55.72752],[37.67843,55.72783],[37.67862,55.72799],[37.67875,55.72811],[37.67886,55.7282],[37.67892,55.72826],[37.68057,55.72769],[37.68056,55.72778],[37.68052,55.72806],[37.68051,55.72815],[37.68048,55.72833],[37.68047,55.7284],[37.68157,55.72847],[37.68144,55.72904],[37.6833,55.72907],[37.6841,55.72958],[37.68406,55.73003],[37.68584,55.73011],[37.68583,55.73018],[37.68543,55.73258],[37.68536,55.733],[37.6856,55.73294],[37.6869,55.73245],[37.6882,55.73177],[37.69094,55.73018],[37.69216,55.72954],[37.69264,55.72937],[37.69304,55.72929],[37.69331,55.72928],[37.6936,55.72929],[37.6937,55.7293],[37.69396,55.72953],[37.69451,55.7303],[37.69513,55.73118],[37.69574,55.732],[37.6961,55.73247],[37.69661,55.73313],[37.69709,55.73376],[37.69717,55.73386],[37.6972,55.7339],[37.69831,55.73535],[37.69835,55.7354],[37.69841,55.73547],[37.69848,55.73562],[37.69886,55.73644],[37.69929,55.73638],[37.69984,55.73632],[37.69949,55.73674],[37.69792,55.73959],[37.69708,55.74079],[37.69616,55.7417],[37.69528,55.74232],[37.6937,55.74318],[37.6923,55.74384],[37.69234,55.74387],[37.68994,55.745],[37.68695,55.74636],[37.68597,55.74677],[37.68487,55.74731],[37.68478,55.74729],[37.68395,55.74769],[37.6832,55.748],[37.68244,55.74827],[37.68154,55.74853],[37.68066,55.74875],[37.67981,55.74893],[37.67836,55.74919],[37.67762,55.74932],[37.67664,55.74948],[37.67599,55.74959],[37.67311,55.75005],[37.67233,55.75021],[37.67168,55.75036],[37.67105,55.75056],[37.67053,55.75075],[37.66978,55.751],[37.66912,55.75128],[37.66851,55.75157],[37.668,55.75187],[37.66754,55.75219],[37.66623,55.75314],[37.66586,55.75303],[37.66501,55.75284],[37.66479,55.75279],[37.66457,55.75274],[37.66431,55.75269],[37.66421,55.75268],[37.66415,55.75276],[37.6641,55.75284],[37.66387,55.75315],[37.66369,55.75344],[37.66335,55.75384],[37.66323,55.75392],[37.66308,55.75402],[37.66293,55.7541],[37.66268,55.75417],[37.66242,55.75424],[37.66162,55.75437],[37.66095,55.75446],[37.66051,55.7545],[37.65919,55.75464],[37.65828,55.75473],[37.65762,55.75477],[37.65687,55.75474],[37.65607,55.75471],[37.65579,55.75466],[37.65519,55.75456],[37.65517,55.75455],[37.65434,55.75436],[37.65411,55.75421],[37.65384,55.75403],[37.65319,55.75371],[37.65316,55.75369],[37.65245,55.75349],[37.65233,55.75347],[37.65219,55.75344],[37.65085,55.75315],[37.65006,55.75302],[37.6494,55.75294],[37.6487,55.75297],[37.64867,55.75297],[37.64824,55.75299],[37.64756,55.75303],[37.64752,55.75303],[37.64743,55.75303],[37.64701,55.75302],[37.64687,55.753],[37.64668,55.75298],[37.64454,55.75278],[37.64446,55.75277],[37.64351,55.7527],[37.6429,55.75269],[37.64278,55.7527],[37.64269,55.75272],[37.64119,55.75291],[37.64066,55.75297],[37.6397,55.75309],[37.63951,55.75311],[37.63923,55.75317],[37.63898,55.75317],[37.63786,55.75357],[37.63781,55.75361],[37.63743,55.75391],[37.63718,55.75411],[37.63702,55.75423],[37.63569,55.75392],[37.63545,55.75387],[37.6353,55.75385],[37.63518,55.75385],[37.6351,55.75387],[37.635,55.7539],[37.63496,55.7538],[37.63483,55.7537],[37.63457,55.75365],[37.63392,55.75353],[37.63369,55.75343],[37.63352,55.75323],[37.63347,55.75306],[37.63332,55.75257],[37.6332,55.7522],[37.63306,55.7518],[37.63254,55.75027],[37.63245,55.74981],[37.63239,55.74961],[37.63237,55.74952],[37.63211,55.74885]]]},"properties":{"description":"Таганский","fill":"#ed4543","fill-opacity":0.6,"stroke":"#ed4543","stroke-width":"5","stroke-opacity":0.9}},{"type":"Feature","id":43,"geometry":{"type":"Polygon","coordinates":[[[37.63499,55.79714],[37.63535,55.79696],[37.6365,55.79639],[37.63827,55.79566],[37.64046,55.7946],[37.64296,55.79298],[37.64553,55.79127],[37.6463,55.79089],[37.647,55.7906],[37.64773,55.79038],[37.64823,55.79024],[37.64876,55.79011],[37.65015,55.78972],[37.65152,55.78937],[37.65082,55.79076],[37.65045,55.79164],[37.65031,55.79292],[37.65037,55.79339],[37.65042,55.79386],[37.65046,55.79421],[37.6513,55.79594],[37.65133,55.79642],[37.65114,55.7969],[37.65098,55.79783],[37.65101,55.79871],[37.65116,55.79906],[37.6514,55.80011],[37.65453,55.8041],[37.65782,55.80802],[37.65812,55.80836],[37.66004,55.81055],[37.6628,55.8137],[37.66311,55.81405],[37.66607,55.81747],[37.66808,55.81988],[37.66858,55.82045],[37.66925,55.82154],[37.66985,55.82279],[37.67032,55.82408],[37.67046,55.82442],[37.67022,55.82446],[37.66998,55.82451],[37.66964,55.82458],[37.66911,55.82474],[37.66886,55.82486],[37.66844,55.82496],[37.66795,55.82492],[37.66755,55.82496],[37.66732,55.8251],[37.66721,55.82536],[37.66732,55.82566],[37.667,55.82599],[37.66625,55.8263],[37.66477,55.82669],[37.66211,55.82731],[37.6608,55.82753],[37.65821,55.82779],[37.65675,55.8281],[37.65543,55.82828],[37.6544,55.82864],[37.65374,55.82918],[37.65351,55.82976],[37.65349,55.83012],[37.6535,55.83039],[37.65381,55.83078],[37.6542,55.83112],[37.6545,55.83139],[37.65487,55.83167],[37.65502,55.83184],[37.65515,55.83213],[37.65515,55.83239],[37.65506,55.83261],[37.65483,55.83283],[37.65452,55.83306],[37.6543,55.83328],[37.65364,55.8326],[37.65221,55.83126],[37.64972,55.82898],[37.64961,55.82887],[37.64778,55.82705],[37.64712,55.82638],[37.64506,55.82443],[37.64395,55.8234],[37.64049,55.82009],[37.64,55.81956],[37.63956,55.819],[37.6393,55.81859],[37.63907,55.81807],[37.63886,55.81754],[37.63864,55.81645],[37.63845,55.81539],[37.63821,55.81418],[37.63795,55.813],[37.63756,55.81138],[37.63745,55.81071],[37.63739,55.81006],[37.63731,55.80889],[37.63726,55.8085],[37.63679,55.80599],[37.63654,55.80471],[37.63592,55.80134],[37.63552,55.79965],[37.63499,55.79714]]]},"properties":{"description":"Алексеевский","fill":"#ed4543","fill-opacity":0.6,"stroke":"#ed4543","stroke-width":"5","stroke-opacity":0.9}},{"type":"Feature","id":44,"geometry":{"type":"Polygon","coordinates":[[[37.65031,55.79292],[37.65045,55.79164],[37.65082,55.79076],[37.65152,55.78937],[37.6556,55.78838],[37.66003,55.78752],[37.66106,55.78732],[37.66252,55.78701],[37.66384,55.78676],[37.66709,55.78614],[37.67228,55.78522],[37.67407,55.78489],[37.67458,55.78479],[37.67509,55.78468],[37.67575,55.78453],[37.67831,55.78402],[37.68267,55.78316],[37.686,55.78252],[37.68882,55.78191],[37.69225,55.78184],[37.6926,55.78196],[37.69634,55.78194],[37.69679,55.78202],[37.69939,55.78197],[37.69932,55.78271],[37.69926,55.78313],[37.69883,55.78543],[37.69871,55.78675],[37.69913,55.78837],[37.69942,55.78881],[37.70004,55.78931],[37.70024,55.78944],[37.70044,55.78956],[37.70066,55.78967],[37.70147,55.79007],[37.70218,55.79042],[37.70286,55.79078],[37.70379,55.79128],[37.70413,55.79146],[37.70447,55.79165],[37.70472,55.79179],[37.70489,55.79191],[37.70505,55.79204],[37.7052,55.79217],[37.70532,55.79232],[37.70542,55.79247],[37.70547,55.79263],[37.7055,55.7928],[37.70549,55.79299],[37.70545,55.79316],[37.70538,55.79335],[37.70525,55.79353],[37.70511,55.7937],[37.70485,55.79398],[37.70462,55.79423],[37.70428,55.79456],[37.70398,55.79483],[37.70316,55.79552],[37.7029,55.79575],[37.70122,55.79717],[37.69983,55.79841],[37.69892,55.79949],[37.69857,55.80028],[37.6988,55.80134],[37.69883,55.80146],[37.69919,55.80221],[37.69923,55.80235],[37.69932,55.80249],[37.69946,55.80275],[37.69968,55.80297],[37.69985,55.80321],[37.70001,55.80346],[37.7002,55.80365],[37.70035,55.80385],[37.7005,55.80403],[37.70071,55.80424],[37.70083,55.80448],[37.70109,55.80471],[37.70132,55.80498],[37.70159,55.8053],[37.70174,55.80548],[37.70186,55.80587],[37.70191,55.80652],[37.70181,55.80702],[37.70165,55.80736],[37.70139,55.80765],[37.70106,55.80788],[37.70069,55.80805],[37.70033,55.80848],[37.70026,55.80974],[37.70005,55.80994],[37.69975,55.81007],[37.69938,55.81009],[37.69883,55.81012],[37.69833,55.81035],[37.69788,55.81063],[37.69724,55.81079],[37.69656,55.81079],[37.69589,55.81072],[37.69549,55.81075],[37.69504,55.81086],[37.69482,55.811],[37.69491,55.81133],[37.69519,55.81158],[37.69542,55.81178],[37.69543,55.81195],[37.69529,55.81212],[37.69498,55.81225],[37.69464,55.81231],[37.69378,55.81233],[37.692,55.8132],[37.68824,55.81654],[37.68745,55.81709],[37.68626,55.81677],[37.68544,55.81686],[37.68434,55.81715],[37.68251,55.81789],[37.68189,55.81802],[37.68136,55.81813],[37.68028,55.8181],[37.67941,55.81825],[37.67894,55.81847],[37.6788,55.81871],[37.67843,55.8189],[37.67746,55.81905],[37.67711,55.81932],[37.67663,55.81944],[37.67496,55.82054],[37.67486,55.821],[37.67433,55.82135],[37.67365,55.82165],[37.67265,55.82245],[37.67192,55.82352],[37.67088,55.82435],[37.67046,55.82442],[37.67032,55.82408],[37.66985,55.82279],[37.66925,55.82154],[37.66858,55.82045],[37.66808,55.81988],[37.66607,55.81747],[37.66311,55.81405],[37.6628,55.8137],[37.66004,55.81055],[37.65812,55.80836],[37.65782,55.80802],[37.65453,55.8041],[37.6514,55.80011],[37.65116,55.79906],[37.65101,55.79871],[37.65098,55.79783],[37.65114,55.7969],[37.65133,55.79642],[37.6513,55.79594],[37.65046,55.79421],[37.65042,55.79386],[37.65037,55.79339],[37.65031,55.79292]]]},"properties":{"description":"Сокольники","fill":"#ed4543","fill-opacity":0.6,"stroke":"#ed4543","stroke-width":"5","stroke-opacity":0.9}},{"type":"Feature","id":45,"geometry":{"type":"Polygon","coordinates":[[[37.67053,55.75075],[37.67105,55.75056],[37.67168,55.75036],[37.67233,55.75021],[37.67311,55.75005],[37.67599,55.74959],[37.67664,55.74948],[37.67762,55.74932],[37.67836,55.74919],[37.67981,55.74893],[37.68066,55.74875],[37.68154,55.74853],[37.68244,55.74827],[37.6832,55.748],[37.68395,55.74769],[37.68478,55.74729],[37.68487,55.74731],[37.68597,55.74677],[37.68695,55.74636],[37.68994,55.745],[37.69234,55.74387],[37.6923,55.74384],[37.6937,55.74318],[37.69528,55.74232],[37.69616,55.7417],[37.69708,55.74079],[37.69792,55.73959],[37.69781,55.74008],[37.69658,55.74239],[37.69817,55.74246],[37.70002,55.74246],[37.70033,55.74244],[37.70065,55.74244],[37.7007,55.74283],[37.70083,55.74413],[37.70335,55.74396],[37.70649,55.74375],[37.70759,55.74359],[37.71094,55.7433],[37.71149,55.74327],[37.71287,55.74015],[37.71309,55.73973],[37.71343,55.73916],[37.71384,55.73852],[37.71431,55.73786],[37.71483,55.7373],[37.71552,55.73666],[37.71609,55.73619],[37.71677,55.73578],[37.71773,55.73528],[37.71864,55.73488],[37.71888,55.7348],[37.71976,55.73452],[37.72022,55.73443],[37.72218,55.73408],[37.72259,55.73405],[37.72278,55.73403],[37.72495,55.73383],[37.72905,55.73347],[37.72918,55.73368],[37.72931,55.73388],[37.72946,55.73414],[37.72964,55.73445],[37.72979,55.7347],[37.72997,55.735],[37.73015,55.73531],[37.73027,55.73551],[37.73049,55.73576],[37.73068,55.73604],[37.73085,55.73633],[37.73101,55.73659],[37.73112,55.73678],[37.73133,55.73706],[37.73155,55.73739],[37.73178,55.73772],[37.73198,55.73802],[37.73217,55.73833],[37.73237,55.73862],[37.7326,55.73895],[37.73322,55.73991],[37.73382,55.74089],[37.73403,55.74125],[37.73529,55.74334],[37.73541,55.74355],[37.73557,55.74389],[37.7357,55.74416],[37.7358,55.74435],[37.73588,55.74454],[37.73594,55.74469],[37.736,55.74488],[37.73618,55.74539],[37.73632,55.74562],[37.73648,55.74586],[37.7366,55.74597],[37.73619,55.74609],[37.72654,55.74865],[37.72533,55.74897],[37.72445,55.74923],[37.72363,55.74952],[37.72301,55.74977],[37.7224,55.75006],[37.72185,55.75035],[37.72137,55.75064],[37.72084,55.75098],[37.72057,55.75116],[37.72031,55.75136],[37.71974,55.75185],[37.71961,55.75198],[37.71917,55.75241],[37.71872,55.75294],[37.71839,55.75342],[37.71813,55.75388],[37.71792,55.75441],[37.71776,55.75496],[37.71768,55.75551],[37.71766,55.75596],[37.71771,55.75648],[37.71782,55.75698],[37.71797,55.75749],[37.71818,55.75802],[37.71843,55.75851],[37.71967,55.76063],[37.71986,55.76094],[37.72025,55.76161],[37.72047,55.76203],[37.72063,55.76246],[37.72071,55.76278],[37.72074,55.76312],[37.72087,55.76495],[37.72085,55.76547],[37.72078,55.76588],[37.72063,55.76632],[37.72039,55.76673],[37.72009,55.76713],[37.71961,55.76768],[37.71784,55.76959],[37.71737,55.77015],[37.71697,55.7707],[37.7163,55.77178],[37.71595,55.7723],[37.71419,55.77453],[37.71375,55.77511],[37.71361,55.7753],[37.71352,55.77526],[37.71318,55.77511],[37.71291,55.77498],[37.7125,55.77477],[37.71202,55.77453],[37.71188,55.77447],[37.71179,55.77442],[37.71166,55.77435],[37.71106,55.77406],[37.71045,55.77374],[37.71026,55.77365],[37.71012,55.77357],[37.70987,55.77345],[37.70973,55.77338],[37.70965,55.77334],[37.70897,55.773],[37.70833,55.77269],[37.70764,55.77234],[37.70737,55.77222],[37.70661,55.77184],[37.70568,55.77141],[37.70542,55.77127],[37.70529,55.77119],[37.70515,55.7711],[37.70482,55.77083],[37.70473,55.77077],[37.70465,55.77073],[37.70435,55.77061],[37.70395,55.7705],[37.7038,55.77046],[37.70347,55.77037],[37.70309,55.77024],[37.70277,55.77013],[37.70252,55.77003],[37.7018,55.76959],[37.70036,55.7687],[37.69937,55.76804],[37.69919,55.76792],[37.69895,55.76777],[37.69889,55.76773],[37.69874,55.76763],[37.69793,55.76713],[37.69765,55.76695],[37.69754,55.76688],[37.69749,55.76684],[37.69738,55.7668],[37.6973,55.76679],[37.69722,55.7668],[37.69707,55.76681],[37.69703,55.76683],[37.69692,55.76688],[37.6968,55.76694],[37.69542,55.76772],[37.69409,55.76847],[37.69286,55.76914],[37.69243,55.76935],[37.69237,55.76938],[37.69232,55.7694],[37.69219,55.76948],[37.69038,55.76848],[37.68904,55.76777],[37.68844,55.76713],[37.68729,55.7657],[37.68612,55.76431],[37.68585,55.76398],[37.68575,55.76355],[37.68601,55.7622],[37.68539,55.76153],[37.68416,55.76027],[37.68259,55.75954],[37.6818,55.75931],[37.68095,55.75914],[37.68022,55.75907],[37.67947,55.75906],[37.67649,55.7592],[37.67513,55.75931],[37.67391,55.75937],[37.67302,55.75933],[37.6723,55.75916],[37.67133,55.75868],[37.67096,55.75835],[37.67076,55.75792],[37.67136,55.75663],[37.67168,55.75612],[37.67226,55.75508],[37.67271,55.75442],[37.67294,55.754],[37.67305,55.75369],[37.67302,55.75317],[37.67255,55.75239],[37.67185,55.7518],[37.67108,55.75115],[37.67053,55.75075]]]},"properties":{"description":"Лефортово","fill":"#ed4543","fill-opacity":0.6,"stroke":"#ed4543","stroke-width":"5","stroke-opacity":0.9}},{"type":"Feature","id":46,"geometry":{"type":"Polygon","coordinates":[[[37.68047,55.7284],[37.68048,55.72833],[37.68051,55.72815],[37.68052,55.72806],[37.68056,55.72778],[37.68057,55.72769],[37.68147,55.72738],[37.68537,55.72604],[37.68778,55.72523],[37.68916,55.72476],[37.69336,55.72334],[37.69417,55.72306],[37.69733,55.72196],[37.69889,55.72137],[37.69929,55.72119],[37.69992,55.72089],[37.70027,55.72071],[37.70225,55.71974],[37.70527,55.72071],[37.7065,55.72107],[37.70868,55.72171],[37.71049,55.72221],[37.71239,55.72273],[37.71411,55.72326],[37.71504,55.72354],[37.71724,55.72172],[37.71755,55.72177],[37.71881,55.72199],[37.72109,55.72238],[37.72491,55.72306],[37.72916,55.72381],[37.73109,55.72415],[37.73598,55.72501],[37.74656,55.72689],[37.7499,55.72748],[37.75334,55.72814],[37.75397,55.72827],[37.75545,55.72856],[37.7567,55.72887],[37.75787,55.7293],[37.75904,55.72985],[37.75965,55.73022],[37.76037,55.73077],[37.7609,55.73126],[37.76132,55.73179],[37.76174,55.73252],[37.76186,55.73299],[37.76191,55.73318],[37.76238,55.73325],[37.76665,55.73412],[37.767,55.73419],[37.7673,55.73427],[37.76713,55.73436],[37.76589,55.73496],[37.76264,55.73654],[37.76221,55.73671],[37.76176,55.73686],[37.76127,55.73699],[37.76091,55.73707],[37.76054,55.73713],[37.75998,55.73723],[37.75923,55.73736],[37.75855,55.73745],[37.75536,55.73785],[37.75398,55.73805],[37.75277,55.73826],[37.75162,55.7385],[37.75046,55.7388],[37.74935,55.73916],[37.74839,55.73953],[37.74751,55.73995],[37.74672,55.74037],[37.74594,55.74088],[37.74529,55.74139],[37.74397,55.74254],[37.7431,55.74318],[37.74237,55.74367],[37.74174,55.74405],[37.74102,55.74445],[37.74018,55.74483],[37.73934,55.74518],[37.73842,55.74549],[37.73745,55.74576],[37.7366,55.74597],[37.73648,55.74586],[37.73632,55.74562],[37.73618,55.74539],[37.736,55.74488],[37.73594,55.74469],[37.73588,55.74454],[37.7358,55.74435],[37.7357,55.74416],[37.73557,55.74389],[37.73541,55.74355],[37.73529,55.74334],[37.73403,55.74125],[37.73382,55.74089],[37.73322,55.73991],[37.7326,55.73895],[37.73237,55.73862],[37.73217,55.73833],[37.73198,55.73802],[37.73178,55.73772],[37.73155,55.73739],[37.73133,55.73706],[37.73112,55.73678],[37.73101,55.73659],[37.73085,55.73633],[37.73068,55.73604],[37.73049,55.73576],[37.73027,55.73551],[37.73015,55.73531],[37.72997,55.735],[37.72979,55.7347],[37.72964,55.73445],[37.72946,55.73414],[37.72931,55.73388],[37.72918,55.73368],[37.72905,55.73347],[37.72495,55.73383],[37.72278,55.73403],[37.72259,55.73405],[37.72218,55.73408],[37.72022,55.73443],[37.71976,55.73452],[37.71888,55.7348],[37.71864,55.73488],[37.71773,55.73528],[37.71677,55.73578],[37.71609,55.73619],[37.71552,55.73666],[37.71483,55.7373],[37.71431,55.73786],[37.71384,55.73852],[37.71343,55.73916],[37.71309,55.73973],[37.71287,55.74015],[37.71149,55.74327],[37.71094,55.7433],[37.70759,55.74359],[37.70649,55.74375],[37.70335,55.74396],[37.70083,55.74413],[37.7007,55.74283],[37.70065,55.74244],[37.70033,55.74244],[37.70002,55.74246],[37.69817,55.74246],[37.69658,55.74239],[37.69781,55.74008],[37.69792,55.73959],[37.69949,55.73674],[37.69984,55.73632],[37.69929,55.73638],[37.69886,55.73644],[37.69848,55.73562],[37.69841,55.73547],[37.69835,55.7354],[37.69831,55.73535],[37.6972,55.7339],[37.69717,55.73386],[37.69709,55.73376],[37.69661,55.73313],[37.6961,55.73247],[37.69574,55.732],[37.69513,55.73118],[37.69451,55.7303],[37.69396,55.72953],[37.6937,55.7293],[37.6936,55.72929],[37.69331,55.72928],[37.69304,55.72929],[37.69264,55.72937],[37.69216,55.72954],[37.69094,55.73018],[37.6882,55.73177],[37.6869,55.73245],[37.6856,55.73294],[37.68536,55.733],[37.68543,55.73258],[37.68583,55.73018],[37.68584,55.73011],[37.68406,55.73003],[37.6841,55.72958],[37.6833,55.72907],[37.68144,55.72904],[37.68157,55.72847],[37.68047,55.7284]]]},"properties":{"description":"Нижегородский ","fill":"#ed4543","fill-opacity":0.6,"stroke":"#ed4543","stroke-width":"5","stroke-opacity":0.9}},{"type":"Feature","id":47,"geometry":{"type":"Polygon","coordinates":[[[37.69291,55.64383],[37.69448,55.64328],[37.69942,55.64212],[37.71328,55.63946],[37.72647,55.64062],[37.72903,55.64085],[37.7295,55.64089],[37.74538,55.6399],[37.74959,55.64063],[37.7662,55.64545],[37.76692,55.64562],[37.7798,55.64874],[37.78345,55.64855],[37.78449,55.65115],[37.788,55.65846],[37.78233,55.66355],[37.7821,55.66367],[37.78186,55.66378],[37.77797,55.66589],[37.77651,55.66668],[37.77591,55.66693],[37.77491,55.66713],[37.77344,55.66728],[37.77311,55.66731],[37.77143,55.66744],[37.77104,55.66747],[37.77067,55.66735],[37.77025,55.66747],[37.76998,55.66752],[37.76793,55.6677],[37.76753,55.66779],[37.76687,55.66794],[37.76662,55.66802],[37.76635,55.66811],[37.76595,55.66824],[37.76574,55.66831],[37.76395,55.66887],[37.763,55.66859],[37.75908,55.6675],[37.75727,55.66723],[37.7572,55.66722],[37.75624,55.66707],[37.75403,55.66675],[37.7532,55.66662],[37.75282,55.66656],[37.75228,55.66646],[37.75201,55.66642],[37.75169,55.66635],[37.75107,55.66622],[37.75095,55.66619],[37.75074,55.66613],[37.75045,55.66604],[37.75023,55.66595],[37.75005,55.66588],[37.74945,55.66562],[37.7493,55.66555],[37.74897,55.66539],[37.74884,55.66534],[37.74844,55.66516],[37.74774,55.66486],[37.74719,55.66461],[37.7459,55.66405],[37.74483,55.66358],[37.74324,55.66278],[37.74276,55.66257],[37.74248,55.66248],[37.74218,55.6624],[37.74191,55.66234],[37.74153,55.66226],[37.74121,55.66215],[37.74013,55.66176],[37.73993,55.66163],[37.73951,55.66138],[37.73755,55.66018],[37.73557,55.65967],[37.73503,55.65954],[37.73382,55.65918],[37.73283,55.65876],[37.73075,55.65791],[37.73041,55.65777],[37.73009,55.65763],[37.72868,55.65705],[37.72751,55.65658],[37.72728,55.65649],[37.72713,55.65658],[37.7269,55.65663],[37.72648,55.65676],[37.72588,55.65705],[37.72437,55.65792],[37.7237,55.65831],[37.72365,55.65834],[37.72316,55.65863],[37.72311,55.65866],[37.72025,55.66033],[37.71998,55.66028],[37.7197,55.6602],[37.71552,55.65824],[37.71482,55.65818],[37.71423,55.65819],[37.71313,55.65852],[37.71197,55.65765],[37.71143,55.65726],[37.71009,55.65626],[37.70944,55.65576],[37.70696,55.6539],[37.70647,55.65353],[37.70509,55.6525],[37.70384,55.65155],[37.70282,55.65081],[37.70189,55.65012],[37.70093,55.64939],[37.70038,55.649],[37.69987,55.64862],[37.69933,55.64823],[37.69892,55.64797],[37.69855,55.64775],[37.69772,55.64731],[37.69693,55.6469],[37.69601,55.64638],[37.69546,55.64605],[37.69517,55.64584],[37.695,55.64571],[37.69475,55.64547],[37.69384,55.64462],[37.69291,55.64383]]]},"properties":{"description":"Марьино","fill":"#ed4543","fill-opacity":0.6,"stroke":"#ed4543","stroke-width":"5","stroke-opacity":0.9}},{"type":"Feature","id":48,"geometry":{"type":"Polygon","coordinates":[[[37.69857,55.80028],[37.69892,55.79949],[37.69983,55.79841],[37.70122,55.79717],[37.7029,55.79575],[37.70316,55.79552],[37.70398,55.79483],[37.70428,55.79456],[37.70462,55.79423],[37.70485,55.79398],[37.70511,55.7937],[37.70525,55.79353],[37.70538,55.79335],[37.70545,55.79316],[37.70549,55.79299],[37.7055,55.7928],[37.70547,55.79263],[37.70542,55.79247],[37.70532,55.79232],[37.7052,55.79217],[37.70505,55.79204],[37.70489,55.79191],[37.70472,55.79179],[37.70447,55.79165],[37.70413,55.79146],[37.70379,55.79128],[37.70286,55.79078],[37.70218,55.79042],[37.70147,55.79007],[37.70066,55.78967],[37.70044,55.78956],[37.70024,55.78944],[37.70004,55.78931],[37.69942,55.78881],[37.69913,55.78837],[37.69871,55.78675],[37.69883,55.78543],[37.69926,55.78313],[37.69932,55.78271],[37.70079,55.78272],[37.70077,55.7832],[37.70077,55.78356],[37.7008,55.78373],[37.70084,55.78386],[37.70087,55.7839],[37.70104,55.78405],[37.70171,55.78442],[37.70202,55.78458],[37.7022,55.78452],[37.70327,55.78413],[37.7038,55.78393],[37.70636,55.78304],[37.70667,55.78377],[37.7069,55.7845],[37.70858,55.78467],[37.7101,55.78482],[37.71135,55.78494],[37.71161,55.78497],[37.71231,55.78501],[37.71226,55.78509],[37.7121,55.78561],[37.71235,55.78584],[37.71259,55.78586],[37.7126,55.78594],[37.71286,55.7859],[37.7132,55.78592],[37.71348,55.7861],[37.71359,55.78605],[37.71376,55.78588],[37.71382,55.78582],[37.71404,55.7858],[37.71416,55.78526],[37.7142,55.7852],[37.71495,55.78526],[37.7159,55.78535],[37.71745,55.78549],[37.71769,55.78552],[37.71743,55.78628],[37.71736,55.78649],[37.71719,55.787],[37.71705,55.78746],[37.71691,55.78792],[37.71695,55.78791],[37.71703,55.78789],[37.71745,55.78777],[37.71791,55.78761],[37.71834,55.78746],[37.71876,55.78731],[37.71922,55.78719],[37.71962,55.78711],[37.72006,55.78703],[37.72044,55.787],[37.72079,55.787],[37.72114,55.78704],[37.7226,55.78727],[37.72311,55.78735],[37.72365,55.78744],[37.72417,55.78754],[37.72464,55.78763],[37.72496,55.78771],[37.72529,55.78778],[37.7256,55.78787],[37.72591,55.78799],[37.72623,55.7881],[37.72649,55.78823],[37.7268,55.78838],[37.72714,55.78857],[37.72763,55.7889],[37.72791,55.78907],[37.72799,55.78912],[37.72834,55.78933],[37.72857,55.78949],[37.72881,55.78964],[37.72909,55.7898],[37.72938,55.78997],[37.72975,55.79019],[37.73,55.79034],[37.73023,55.79049],[37.73049,55.79066],[37.73066,55.7908],[37.73086,55.79096],[37.73101,55.79115],[37.73112,55.79128],[37.73124,55.79146],[37.73139,55.79169],[37.73159,55.79195],[37.73195,55.79242],[37.73213,55.79261],[37.73227,55.79272],[37.73229,55.79274],[37.73241,55.79285],[37.73259,55.79298],[37.73273,55.79306],[37.73294,55.79317],[37.7332,55.79328],[37.73344,55.79338],[37.73396,55.79361],[37.73434,55.79375],[37.73467,55.79385],[37.7351,55.79394],[37.7354,55.79399],[37.73545,55.794],[37.7359,55.79405],[37.73704,55.79392],[37.73825,55.79386],[37.73945,55.79376],[37.74452,55.79349],[37.74548,55.79617],[37.7456,55.79652],[37.74592,55.79739],[37.74622,55.79851],[37.74627,55.79895],[37.74627,55.80043],[37.74623,55.8011],[37.7462,55.80134],[37.74619,55.80246],[37.74606,55.80496],[37.74606,55.80519],[37.74601,55.80903],[37.74495,55.80897],[37.73926,55.80897],[37.73818,55.80897],[37.73627,55.809],[37.73566,55.80901],[37.73509,55.80901],[37.73394,55.80901],[37.73361,55.80902],[37.73345,55.80902],[37.73235,55.809],[37.7321,55.80893],[37.73181,55.80879],[37.73173,55.80884],[37.73126,55.80908],[37.73105,55.80919],[37.73015,55.80966],[37.73007,55.8097],[37.72992,55.80978],[37.72985,55.80982],[37.72974,55.80975],[37.72924,55.80946],[37.72852,55.80903],[37.72754,55.80847],[37.72747,55.80843],[37.72667,55.80796],[37.72661,55.80792],[37.72626,55.80771],[37.7261,55.80762],[37.725,55.80698],[37.72481,55.80685],[37.72472,55.80679],[37.72447,55.80667],[37.72421,55.80657],[37.724,55.8065],[37.72303,55.80631],[37.72267,55.80625],[37.72256,55.80623],[37.72217,55.80616],[37.7215,55.80604],[37.72092,55.80594],[37.71849,55.80551],[37.71802,55.80543],[37.71793,55.80541],[37.71781,55.80539],[37.71754,55.80534],[37.71443,55.80485],[37.71296,55.80458],[37.7123,55.80446],[37.71213,55.80443],[37.71195,55.80438],[37.71165,55.80431],[37.71139,55.80421],[37.70904,55.80305],[37.70875,55.80289],[37.70825,55.80321],[37.70795,55.80342],[37.70779,55.80353],[37.70768,55.80366],[37.70707,55.80349],[37.70683,55.80343],[37.70663,55.80337],[37.70614,55.80324],[37.70588,55.80317],[37.70519,55.80298],[37.70457,55.80282],[37.70446,55.80279],[37.70391,55.80264],[37.70359,55.80255],[37.70237,55.80222],[37.69986,55.8015],[37.69951,55.80141],[37.69915,55.80137],[37.69899,55.80136],[37.6988,55.80134],[37.69857,55.80028]]]},"properties":{"description":"Преображенское","fill":"#ed4543","fill-opacity":0.6,"stroke":"#ed4543","stroke-width":"5","stroke-opacity":0.9}},{"type":"Feature","id":49,"geometry":{"type":"Polygon","coordinates":[[[37.69932,55.78271],[37.69939,55.78197],[37.69952,55.78197],[37.6999,55.78191],[37.69998,55.78191],[37.70061,55.78189],[37.70124,55.78185],[37.7019,55.78177],[37.70253,55.78165],[37.70318,55.78152],[37.7043,55.78124],[37.70507,55.78104],[37.70525,55.78099],[37.70609,55.78074],[37.70713,55.78038],[37.70774,55.78016],[37.7083,55.77991],[37.70879,55.77962],[37.70934,55.77928],[37.70992,55.77887],[37.71043,55.77845],[37.71093,55.778],[37.71268,55.77617],[37.71333,55.77548],[37.71352,55.77526],[37.71361,55.7753],[37.71375,55.77511],[37.71419,55.77453],[37.71595,55.7723],[37.7163,55.77178],[37.71697,55.7707],[37.71737,55.77015],[37.71784,55.76959],[37.71961,55.76768],[37.72009,55.76713],[37.72039,55.76673],[37.72063,55.76632],[37.72078,55.76588],[37.72085,55.76547],[37.72087,55.76495],[37.72074,55.76312],[37.72071,55.76278],[37.72063,55.76246],[37.72047,55.76203],[37.72025,55.76161],[37.71986,55.76094],[37.71967,55.76063],[37.71843,55.75851],[37.71818,55.75802],[37.71797,55.75749],[37.71782,55.75698],[37.71771,55.75648],[37.71766,55.75596],[37.71768,55.75551],[37.71776,55.75496],[37.71792,55.75441],[37.71813,55.75388],[37.71839,55.75342],[37.71872,55.75294],[37.71917,55.75241],[37.71961,55.75198],[37.72175,55.7524],[37.72385,55.75281],[37.72709,55.75344],[37.73204,55.75443],[37.73398,55.75481],[37.73647,55.7553],[37.74114,55.75618],[37.74566,55.75709],[37.74658,55.75728],[37.74871,55.7577],[37.75076,55.7581],[37.75401,55.75871],[37.75422,55.75875],[37.7537,55.75961],[37.75356,55.7598],[37.75093,55.76452],[37.74857,55.76594],[37.74818,55.76899],[37.74811,55.76949],[37.74804,55.77005],[37.74541,55.77006],[37.74503,55.77157],[37.7442,55.77566],[37.74376,55.77848],[37.74368,55.77926],[37.74362,55.77989],[37.74361,55.78011],[37.74353,55.78123],[37.74339,55.78274],[37.74336,55.78334],[37.74323,55.78471],[37.74307,55.78687],[37.74306,55.78704],[37.74306,55.7871],[37.743,55.7878],[37.74301,55.78816],[37.74302,55.78852],[37.74307,55.7889],[37.74311,55.78918],[37.7432,55.78952],[37.74332,55.78992],[37.74424,55.79265],[37.74443,55.79323],[37.74452,55.79349],[37.73945,55.79376],[37.73825,55.79386],[37.73704,55.79392],[37.7359,55.79405],[37.73545,55.794],[37.7354,55.79399],[37.7351,55.79394],[37.73467,55.79385],[37.73434,55.79375],[37.73396,55.79361],[37.73344,55.79338],[37.7332,55.79328],[37.73294,55.79317],[37.73273,55.79306],[37.73259,55.79298],[37.73241,55.79285],[37.73229,55.79274],[37.73227,55.79272],[37.73213,55.79261],[37.73195,55.79242],[37.73159,55.79195],[37.73139,55.79169],[37.73124,55.79146],[37.73112,55.79128],[37.73101,55.79115],[37.73086,55.79096],[37.73066,55.7908],[37.73049,55.79066],[37.73023,55.79049],[37.73,55.79034],[37.72975,55.79019],[37.72938,55.78997],[37.72909,55.7898],[37.72881,55.78964],[37.72857,55.78949],[37.72834,55.78933],[37.72799,55.78912],[37.72791,55.78907],[37.72763,55.7889],[37.72714,55.78857],[37.7268,55.78838],[37.72649,55.78823],[37.72623,55.7881],[37.72591,55.78799],[37.7256,55.78787],[37.72529,55.78778],[37.72496,55.78771],[37.72464,55.78763],[37.72417,55.78754],[37.72365,55.78744],[37.72311,55.78735],[37.7226,55.78727],[37.72114,55.78704],[37.72079,55.787],[37.72044,55.787],[37.72006,55.78703],[37.71962,55.78711],[37.71922,55.78719],[37.71876,55.78731],[37.71834,55.78746],[37.71791,55.78761],[37.71745,55.78777],[37.71703,55.78789],[37.71695,55.78791],[37.71691,55.78792],[37.71705,55.78746],[37.71719,55.787],[37.71736,55.78649],[37.71743,55.78628],[37.71769,55.78552],[37.71745,55.78549],[37.7159,55.78535],[37.71495,55.78526],[37.7142,55.7852],[37.71416,55.78526],[37.71404,55.7858],[37.71382,55.78582],[37.71376,55.78588],[37.71359,55.78605],[37.71348,55.7861],[37.7132,55.78592],[37.71286,55.7859],[37.7126,55.78594],[37.71259,55.78586],[37.71235,55.78584],[37.7121,55.78561],[37.71226,55.78509],[37.71231,55.78501],[37.71161,55.78497],[37.71135,55.78494],[37.7101,55.78482],[37.70858,55.78467],[37.7069,55.7845],[37.70667,55.78377],[37.70636,55.78304],[37.7038,55.78393],[37.70327,55.78413],[37.7022,55.78452],[37.70202,55.78458],[37.70171,55.78442],[37.70104,55.78405],[37.70087,55.7839],[37.70084,55.78386],[37.7008,55.78373],[37.70077,55.78356],[37.70077,55.7832],[37.70079,55.78272],[37.69932,55.78271]]]},"properties":{"description":"Соколиная Гора","fill":"#ed4543","fill-opacity":0.6,"stroke":"#ed4543","stroke-width":"5","stroke-opacity":0.9}},{"type":"Feature","id":50,"geometry":{"type":"Polygon","coordinates":[[[37.73598,55.72501],[37.737,55.72505],[37.73746,55.72503],[37.73765,55.725],[37.73784,55.72498],[37.73819,55.72491],[37.73858,55.72478],[37.73898,55.72466],[37.73978,55.7241],[37.74058,55.7229],[37.74084,55.72253],[37.74115,55.72226],[37.74135,55.72208],[37.74238,55.72167],[37.74253,55.72075],[37.74261,55.72057],[37.74267,55.72047],[37.74332,55.71928],[37.74345,55.71906],[37.74371,55.71872],[37.74407,55.71816],[37.74481,55.7171],[37.74487,55.71697],[37.74493,55.71685],[37.746,55.71512],[37.74606,55.71503],[37.74613,55.7149],[37.74617,55.71484],[37.74655,55.71423],[37.7467,55.71397],[37.7468,55.71381],[37.74704,55.71344],[37.74724,55.71311],[37.74733,55.71297],[37.74736,55.71292],[37.74764,55.71246],[37.74779,55.71223],[37.74782,55.71218],[37.74823,55.71151],[37.74826,55.71146],[37.7483,55.71141],[37.74843,55.71119],[37.7486,55.71092],[37.74862,55.71088],[37.74869,55.71078],[37.74888,55.71048],[37.749,55.7103],[37.74919,55.71035],[37.7493,55.71038],[37.75031,55.71064],[37.75051,55.7107],[37.75065,55.71073],[37.75251,55.7112],[37.75314,55.71137],[37.75329,55.71141],[37.75353,55.71147],[37.75386,55.71155],[37.75398,55.71158],[37.75518,55.71189],[37.75572,55.71203],[37.75701,55.71236],[37.7574,55.71247],[37.75901,55.71288],[37.75946,55.713],[37.76001,55.71315],[37.76022,55.71319],[37.7606,55.71326],[37.76225,55.71366],[37.76623,55.71497],[37.7677,55.71531],[37.76881,55.71556],[37.77048,55.71595],[37.77097,55.71598],[37.7744,55.71684],[37.77459,55.71661],[37.77554,55.71541],[37.77559,55.71535],[37.77665,55.71403],[37.77701,55.71358],[37.77734,55.71317],[37.77763,55.71282],[37.77789,55.71251],[37.77799,55.71235],[37.77809,55.7122],[37.779,55.71114],[37.77987,55.71013],[37.78012,55.70983],[37.78059,55.70929],[37.78103,55.70919],[37.78173,55.70909],[37.78238,55.70901],[37.78272,55.70896],[37.7846,55.70871],[37.78533,55.70861],[37.78776,55.70828],[37.7889,55.70812],[37.79275,55.7076],[37.79422,55.70739],[37.79454,55.70737],[37.79506,55.70908],[37.79574,55.71132],[37.79596,55.71202],[37.7961,55.71249],[37.79614,55.71263],[37.79619,55.71278],[37.79649,55.71379],[37.79667,55.71439],[37.79695,55.71531],[37.79718,55.71606],[37.79719,55.71608],[37.79723,55.71622],[37.79749,55.71726],[37.7975,55.71731],[37.79766,55.7178],[37.79813,55.71924],[37.79834,55.7199],[37.79839,55.72006],[37.79842,55.72015],[37.79857,55.72058],[37.79912,55.72211],[37.79677,55.72289],[37.79372,55.72398],[37.79231,55.72446],[37.7898,55.72529],[37.77906,55.72889],[37.77714,55.72951],[37.7759,55.72994],[37.77489,55.73039],[37.77417,55.73074],[37.77385,55.73091],[37.76997,55.7329],[37.76927,55.73325],[37.76752,55.73415],[37.7673,55.73427],[37.767,55.73419],[37.76665,55.73412],[37.76238,55.73325],[37.76191,55.73318],[37.76186,55.73299],[37.76174,55.73252],[37.76132,55.73179],[37.7609,55.73126],[37.76037,55.73077],[37.75965,55.73022],[37.75904,55.72985],[37.75787,55.7293],[37.7567,55.72887],[37.75545,55.72856],[37.75397,55.72827],[37.75334,55.72814],[37.7499,55.72748],[37.74656,55.72689],[37.73598,55.72501]]]},"properties":{"description":"Рязанский","fill":"#ed4543","fill-opacity":0.6,"stroke":"#ed4543","stroke-width":"5","stroke-opacity":0.9}}]}
